,year,city_host,country_code,list_country,nb_country,list_sports,nb_sports,list_athletes,nb_athletes,list_men,nb_men,list_women,nb_women
0,1956,Melbourne,AUS,"['AFG' 'BER' 'COL' 'TPE' 'CHI' 'ETH' 'FIJ' 'CUB' 'BUL' 'GUY' 'ARG' 'BEL'
 'INA' 'HKG' 'BRA' 'TCH' 'ISL' 'DEN' 'ISR' 'AUT' 'IRI' 'JAM' 'LBR' 'KEN'
 'MAL' 'IRL' 'IND' 'GRE' 'NBO' 'AUS' 'MYA' 'LUX' 'FIN' 'NGR' 'PAK' 'PER'
 'PHI' 'PUR' 'CAN' 'MEX' 'HUN' 'POR' 'VNM' 'NZL' 'SGP' 'SRI' 'GER' 'JPN'
 'BAH' 'RSA' 'THA' 'TTO' 'UGA' 'NOR' 'KOR' 'ROU' 'GBR' 'ITA' 'URU' 'POL'
 'FRA' 'TUR' 'VEN' 'URS' 'YUG' 'SWE' 'USA']",67.0,"['Fencing' 'Athletics' 'Wrestling' 'Swimming' 'Shooting' 'Cycling Road'
 'Rowing' 'Boxing' 'Football' 'Artistic Gymnastics' 'Sailing'
 'Cycling Track' 'Water Polo' 'Diving' 'Modern Pentathlon'
 'Canoe Marathon' 'Weightlifting' 'Hockey' 'Australian Rules Football'
 'Canoe Sprint' 'Baseball' 'Basketball']",22.0,[17328 17330 17336 ... 60662 60576 60677],3390.0,[17328 17330 17336 ... 60662 60576 60677],3014.0,"[ 66337 120048  66724  28143  28180  28179  70952  64361  45470  45450
  45461  48262  48264  45582  29159 102449  29149 102614  29141  29112
  76575  76563  77826  76562  76547 922329  50524   9420  46280  20594
  46266  48353  64849  64835   9048  45351  20521  48914  73352  71482
  71363  28056  28053  28065  64506  64551  64579  64504  64580  64498
  64555  64548  64482  64499  64486  64585  64532  64540  64590  64489
  64527  64501  64591  64525  64519   8976  45083  45005  45061  45112
  20504  20501  20499  45044  45020  45073  45099  45048  45045  45018
 922005  45008  45225  45122  45037  45000  45049  28828   9521  74512
  74522  49706  49708  28224  65861  65907  65880  65870  65876  65939
  65853  45829  45797  45879  45858  45895  45749  45785  20845  49105
  49099  28630  28661  28633  28606  28619  28631  71041  71087  10025
  20735  20751  48101  48145  48137  48135  48119  48139  48134  48127
  48108  74286  74262  74288  74284  49604  49589  49611  49588  75571
  75572  69742  69694  69986  69987  70095  69704  69979  70024  70007
  70126  69701  70045  69960  69718   9886  47688  47541  47681  47697
  47679  47734  47664  47548  47497  28796  28761  28794  28787  28767
  28789  72412 138440  72406  48718  48622  48633  48697  48700  48720
  48689  75240  75231  49982  49988  49981  49973  29018  29017  29014
  29045  29020  29033  75095  75130  20912  20913  49925  28446  68598
  68652  68751  68772  68761  68798  68681  68682  68745  68607  68650
   9693  47092  47167  20682  20672  47058  47017  47032  47042  47014
  47061  47035  47037  47107  28693  28734  28694  28691  28713  28712
  71774  71787  71793  71741  71769  71792  20785  20780  48465  28948
  28929  28945  28925  28956  28954  74626  74629  70089  74631  74595
  74596  64588  10462  49755  28413  28375  67911  67947  67959  67962
  67996   9583  46760  20626  20621  20652  46787  46722  46734  46785
  46726  46748  29198  29204  29202  29188  29175  29189  77332  77215
  77290  77204  77214  77237  77174  77196  77160  77328  77221  77276
  77155  77303  77330  77336  77182  77156  77292  77210  77209  77230
  10930  50753  50718  50677  50766  50773  50689  20965  20973  20977
  50708  79361  79377  51704  29088  29103  29090  29097  29085  29094
  75996  75979  50230  50222  50257  50250  50215  50273  50333  29280
  29237  29276  29256  29243  29250  77796  77820  78013  77958  77819
  77922  77798  77951  77907 923372  77910  77831  78009  77769  77985
  77804  77893  77896  77746  78005  51112  51209  51030  51208  51135
  21021  21009  21001 120017  51107  51195  51174  51191  51037  50973
  51085  50994  51134  51108  51185  51161]",376.0
1,2000,Sydney,AUS,"['ARU' 'BAN' 'BHU' 'ASA' 'ANT' 'BRN' 'BEN' 'BIZ' 'BAR' 'ALB' 'ANG' 'BRU'
 'AZE' 'ARM' 'BDI' 'CPV' 'BOT' 'IVB' 'BIH' 'BUR' 'AND' 'CAM' 'BER' 'BOL'
 'ALG' 'CAY' 'CAF' 'COM' 'CHA' 'COK' 'CMR' 'CGO' 'BLR' 'CIV' 'COD' 'DJI'
 'DMA' 'CRC' 'CYP' 'GEQ' 'ERI' 'ESA' 'PRK' 'DOM' 'COL' 'CRO' 'ECU' 'FSM'
 'SWZ' 'TPE' 'GAB' 'CHI' 'ETH' 'FIJ' 'CZE' 'GRN' 'GEO' 'GUM' 'CUB' 'GBS'
 'EST' 'GHA' 'GUI' 'BUL' 'EGY' 'IOA' 'GUY' 'GUA' 'HAI' 'HON' 'ARG' 'BEL'
 'IRQ' 'JOR' 'INA' 'HKG' 'BRA' 'ISL' 'KSA' 'DEN' 'ISR' 'AUT' 'LAO' 'IRI'
 'KUW' 'KGZ' 'JAM' 'LES' 'LBA' 'LBR' 'KEN' 'KAZ' 'IRL' 'MAW' 'IND' 'MDV'
 'MAD' 'MTN' 'MLI' 'GRE' 'MRI' 'MLT' 'LBN' 'LTU' 'LIE' 'MAS' 'NRU' 'MOZ'
 'NAM' 'LAT' 'AUS' 'MYA' 'LUX' 'NEP' 'AHO' 'MON' 'NCA' 'NIG' 'FIN' 'MKD'
 'PLW' 'OMA' 'PLE' 'MGL' 'MAR' 'PNG' 'PAR' 'PAN' 'QAT' 'NGR' 'PAK' 'MDA'
 'PER' 'RWA' 'SKN' 'LCA' 'PHI' 'VIN' 'SAM' 'STP' 'PUR' 'CAN' 'MEX' 'SCG'
 'SEY' 'HUN' 'SLE' 'SMR' 'SEN' 'POR' 'SOL' 'SOM' 'NZL' 'SGP' 'SUR' 'SUD'
 'TJK' 'SRI' 'SYR' 'GER' 'SVK' 'GAM' 'SLO' 'TOG' 'TGA' 'TKM' 'JPN' 'BAH'
 'RUS' 'UAE' 'RSA' 'THA' 'TTO' 'TUN' 'UGA' 'NOR' 'TAN' 'KOR' 'ROU' 'VAN'
 'YEM' 'CHN' 'VIE' 'NED' 'ISV' 'UZB' 'ZAM' 'GBR' 'ITA' 'URU' 'ZIM' 'POL'
 'FRA' 'TUR' 'VEN' 'UKR' 'ESP' 'SUI' 'SWE' 'USA']",200.0,"['Cycling Road' 'Athletics' 'Taekwondo' 'Sailing' 'Wrestling' 'Swimming'
 'Weightlifting' 'Modern Pentathlon' 'Table Tennis' 'Equestrian Dressage'
 'Boxing' 'Archery' 'Rowing' 'Diving' 'Canoe Sprint' 'Judo'
 'Cycling Track' 'Fencing' 'Artistic Swimming' 'Tennis' 'Shooting'
 'Artistic Gymnastics' 'Water Polo' 'Badminton' 'Equestrian Eventing'
 'Handball' 'Volleyball' 'Beach Volleyball' 'Hockey' 'Rhythmic Gymnastics'
 'Basketball' 'Canoe Slalom' 'Triathlon' 'Equestrian Jumping' 'Football'
 'Softball' 'Cycling Mountain Bike' 'Trampolining' 'Baseball']",39.0,[83241 83240 91878 ... 95118 60613 95177],10832.0,[83241 91878 93253 ... 95118 60613 95177],6688.0,[83240 93254 83308 ... 94987 94990 94989],4144.0
2,1920,Antwerpen,BEL,"['CHI' 'EST' 'EGY' 'ARG' 'BEL' 'BRA' 'TCH' 'DEN' 'IND' 'GRE' 'AUS' 'LUX'
 'MON' 'FIN' 'CAN' 'POR' 'NZL' 'JPN' 'RSA' 'NOR' 'NED' 'GBR' 'ITA' 'FRA'
 'YUG' 'ESP' 'SUI' 'SWE' 'USA']",29.0,"['Boxing' 'Shooting' 'Diving' 'Athletics' 'Swimming' 'Equestrian Jumping'
 'Cycling Track' 'Sailing' 'Wrestling' 'Weightlifting' 'Fencing' 'Hockey'
 'Figure Skating' 'Art Competitions' 'Artistic Gymnastics' 'Water Polo'
 'Tennis' 'Football' 'Cycling Road' 'Rowing' 'Rugby' 'Ice Hockey' 'Polo'
 'Equestrian Eventing' 'Archery' 'Tug-Of-War' 'Equestrian Vaulting'
 'Korfball' 'Modern Pentathlon' 'Equestrian Dressage']",30.0,[66357 66386 67352 ... 60703 60736 60712],2879.0,[66357 66386 67352 ... 60703 60736 60712],2773.0,"[  81285   45474     668     664     669     672     666     673     670
     671    2646   46261   46297    2358    2361   45007   81010   49614
   49984   49535   49527   81855   81212   82324    1030  901995  901969
  901970  902006  901966  901975  901984  902003  902000  901997  901976
  901980   49298  902052  902048  902056  902053   49352  902051  902054
  902598  902055  902047  902046  902049   49301   46963   47169   81419
   81885   80610   61084   47071   47101   46977   47126   47067   47138
      53      59      60      39     808     813  920282   82249   46710
   46741   46789    2455    2447    2461 1805025 1805023   50297   50276
   50221   50211   81426   81948   50245   50223   50291   50288    2594
    2602    2597   51168   51228   51147   50951   51039   51119   51102
   80676   50967   51040   51182   50972   51243   51220]",106.0
3,2016,Rio de Janeiro,BRA,"['ARU' 'BAN' 'BHU' 'ASA' 'ANT' 'BRN' 'BEN' 'BIZ' 'BAR' 'ALB' 'ANG' 'AFG'
 'BRU' 'AZE' 'ARM' 'BDI' 'CPV' 'BOT' 'IVB' 'BIH' 'BUR' 'AND' 'CAM' 'BER'
 'BOL' 'ALG' 'CAY' 'CAF' 'COM' 'CHA' 'COK' 'CMR' 'CGO' 'BLR' 'CIV' 'COD'
 'DJI' 'DMA' 'CRC' 'CYP' 'GEQ' 'ERI' 'ESA' 'PRK' 'DOM' 'COL' 'CRO' 'ECU'
 'FSM' 'SWZ' 'TPE' 'GAB' 'CHI' 'ETH' 'FIJ' 'CZE' 'GRN' 'GEO' 'GUM' 'CUB'
 'GBS' 'EST' 'GHA' 'GUI' 'BUL' 'EGY' 'IOA' 'GUY' 'GUA' 'HAI' 'HON' 'ARG'
 'BEL' 'IRQ' 'JOR' 'INA' 'HKG' 'BRA' 'KIR' 'KOS' 'ISL' 'KSA' 'DEN' 'ISR'
 'AUT' 'LAO' 'IRI' 'KGZ' 'JAM' 'LES' 'LBA' 'LBR' 'KEN' 'KAZ' 'IRL' 'MHL'
 'MAW' 'IND' 'MDV' 'MAD' 'MTN' 'MLI' 'GRE' 'MRI' 'MLT' 'LBN' 'MNE' 'LTU'
 'LIE' 'MAS' 'NRU' 'MOZ' 'NAM' 'LAT' 'AUS' 'MYA' 'LUX' 'NEP' 'MON' 'NCA'
 'NIG' 'FIN' 'MKD' 'PLW' 'OMA' 'PLE' 'MGL' 'MAR' 'PNG' 'EOR' 'PAR' 'PAN'
 'QAT' 'NGR' 'PAK' 'MDA' 'PER' 'RWA' 'SKN' 'LCA' 'PHI' 'VIN' 'SAM' 'STP'
 'PUR' 'CAN' 'MEX' 'SEY' 'HUN' 'SLE' 'SSD' 'SRB' 'SMR' 'SEN' 'POR' 'SOL'
 'SOM' 'NZL' 'SGP' 'SUR' 'SUD' 'TJK' 'SRI' 'SYR' 'GER' 'SVK' 'TLS' 'GAM'
 'SLO' 'TOG' 'TGA' 'TKM' 'JPN' 'TUV' 'BAH' 'RUS' 'UAE' 'RSA' 'THA' 'TTO'
 'TUN' 'UGA' 'NOR' 'TAN' 'KOR' 'ROU' 'VAN' 'YEM' 'CHN' 'VIE' 'NED' 'ISV'
 'UZB' 'ZAM' 'GBR' 'ITA' 'URU' 'ZIM' 'POL' 'FRA' 'TUR' 'VEN' 'UKR' 'ESP'
 'SUI' 'SWE' 'USA']",207.0,"['Athletics' 'Archery' 'Fencing' 'Cycling Track' 'Wrestling' 'Hockey'
 'Weightlifting' 'Shooting' 'Judo' 'Swimming' 'Canoe Sprint' 'Sailing'
 'Artistic Gymnastics' 'Modern Pentathlon' 'Marathon Swimming' 'Badminton'
 'Tennis' 'Rugby Sevens' 'Cycling BMX Racing' 'Equestrian Jumping'
 'Taekwondo' 'Rhythmic Gymnastics' 'Water Polo' 'Basketball'
 'Artistic Swimming' 'Equestrian Dressage' 'Triathlon' 'Golf' 'Boxing'
 'Football' 'Cycling Road' 'Volleyball' 'Beach Volleyball' 'Rowing'
 'Canoe Slalom' 'Trampolining' 'Diving' 'Table Tennis'
 'Equestrian Eventing' 'Cycling Mountain Bike' 'Handball']",41.0,[123317 124743 128937 ... 132194 126543 132192],11406.0,[123317 132447 132448 ... 136402 136404 126748],6269.0,[124743 128937 128938 ... 132194 126543 132192],5137.0
4,1976,Montréal,CAN,"['ANT' 'BIZ' 'BAR' 'AND' 'BER' 'BOL' 'CAY' 'CMR' 'CIV' 'CRC' 'PRK' 'DOM'
 'COL' 'ECU' 'CHI' 'FIJ' 'CUB' 'GDR' 'BUL' 'EGY' 'GUA' 'HAI' 'HON' 'ARG'
 'BEL' 'INA' 'HKG' 'BRA' 'TCH' 'ISL' 'KSA' 'DEN' 'ISR' 'AUT' 'IRI' 'KUW'
 'JAM' 'IRL' 'IND' 'GRE' 'LBN' 'LIE' 'MAS' 'AUS' 'LUX' 'NEP' 'AHO' 'MON'
 'NCA' 'FIN' 'MGL' 'MAR' 'PNG' 'PAR' 'PAN' 'PAK' 'PER' 'PHI' 'PUR' 'CAN'
 'MEX' 'HUN' 'SMR' 'SEN' 'POR' 'NZL' 'SGP' 'SUR' 'JPN' 'BAH' 'THA' 'TTO'
 'TUN' 'NOR' 'KOR' 'ROU' 'NED' 'ISV' 'GBR' 'ITA' 'URU' 'POL' 'FRA' 'TUR'
 'VEN' 'URS' 'FRG' 'YUG' 'ESP' 'SUI' 'SWE' 'USA']",92.0,"['Boxing' 'Artistic Gymnastics' 'Swimming' 'Rowing' 'Canoe Sprint'
 'Athletics' 'Judo' 'Shooting' 'Sailing' 'Wrestling' 'Weightlifting'
 'Diving' 'Modern Pentathlon' 'Volleyball' 'Cycling Road' 'Handball'
 'Equestrian Eventing' 'Equestrian Jumping' 'Hockey' 'Fencing'
 'Cycling Track' 'Basketball' 'Archery' 'Water Polo' 'Football'
 'Equestrian Dressage']",26.0,[64348 64357 64351 ... 60733 60655 60669],6220.0,[64348 64357 64351 ... 60733 60655 60669],4912.0,[65058 65060 65357 ... 51128 51235 51045],1308.0
5,2008,Beijing,CHN,"['ARU' 'BAN' 'BHU' 'ASA' 'ANT' 'BRN' 'BEN' 'BIZ' 'BAR' 'ALB' 'ANG' 'AFG'
 'AZE' 'ARM' 'BDI' 'CPV' 'BOT' 'IVB' 'BIH' 'BUR' 'AND' 'CAM' 'BER' 'BOL'
 'ALG' 'CAY' 'CAF' 'COM' 'CHA' 'COK' 'CMR' 'CGO' 'BLR' 'CIV' 'COD' 'DJI'
 'DMA' 'CRC' 'CYP' 'GEQ' 'ERI' 'ESA' 'PRK' 'DOM' 'COL' 'CRO' 'ECU' 'FSM'
 'SWZ' 'TPE' 'GAB' 'CHI' 'ETH' 'FIJ' 'CZE' 'GRN' 'GEO' 'GUM' 'CUB' 'GBS'
 'EST' 'GHA' 'GUI' 'BUL' 'EGY' 'GUY' 'GUA' 'HAI' 'HON' 'ARG' 'BEL' 'IRQ'
 'JOR' 'INA' 'HKG' 'BRA' 'KIR' 'ISL' 'KSA' 'DEN' 'ISR' 'AUT' 'LAO' 'IRI'
 'KUW' 'KGZ' 'JAM' 'LES' 'LBA' 'LBR' 'KEN' 'KAZ' 'IRL' 'MHL' 'MAW' 'IND'
 'MDV' 'MAD' 'MTN' 'MLI' 'GRE' 'MRI' 'MLT' 'LBN' 'MNE' 'LTU' 'LIE' 'MAS'
 'NRU' 'MOZ' 'NAM' 'LAT' 'AUS' 'MYA' 'LUX' 'NEP' 'AHO' 'MON' 'NCA' 'NIG'
 'FIN' 'MKD' 'PLW' 'OMA' 'PLE' 'MGL' 'MAR' 'PNG' 'PAR' 'PAN' 'QAT' 'NGR'
 'PAK' 'MDA' 'PER' 'RWA' 'SKN' 'LCA' 'PHI' 'VIN' 'SAM' 'STP' 'PUR' 'CAN'
 'MEX' 'SEY' 'HUN' 'SLE' 'SRB' 'SMR' 'SEN' 'POR' 'SOL' 'SOM' 'NZL' 'SGP'
 'SUR' 'SUD' 'TJK' 'SRI' 'SYR' 'GER' 'SVK' 'TLS' 'GAM' 'SLO' 'TOG' 'TGA'
 'TKM' 'JPN' 'TUV' 'BAH' 'RUS' 'UAE' 'RSA' 'THA' 'TTO' 'TUN' 'UGA' 'NOR'
 'TAN' 'KOR' 'ROU' 'VAN' 'YEM' 'CHN' 'VIE' 'NED' 'ISV' 'UZB' 'ZAM' 'GBR'
 'ITA' 'URU' 'ZIM' 'POL' 'FRA' 'TUR' 'VEN' 'UKR' 'ESP' 'SUI' 'SWE' 'USA']",204.0,"['Canoe Slalom' 'Artistic Gymnastics' 'Shooting' 'Weightlifting' 'Sailing'
 'Trampolining' 'Swimming' 'Water Polo' 'Rowing' 'Wushu' 'Athletics'
 'Boxing' 'Fencing' 'Judo' 'Beach Volleyball' 'Diving' 'Hockey'
 'Basketball' 'Handball' 'Wrestling' 'Taekwondo' 'Cycling Track'
 'Cycling Mountain Bike' 'Volleyball' 'Artistic Swimming' 'Badminton'
 'Cycling Road' 'Canoe Sprint' 'Marathon Swimming' 'Equestrian Jumping'
 'Modern Pentathlon' 'Table Tennis' 'Baseball' 'Rhythmic Gymnastics'
 'Football' 'Triathlon' 'Softball' 'Equestrian Eventing'
 'Equestrian Dressage' 'Tennis' 'Archery' 'Cycling BMX Racing']",42.0,[112683 115790 114572 ... 902696 902661 902703],11238.0,[112683 115790 114572 ... 117126 902619 902674],6476.0,[114752  93296 111494 ... 902696 902661 902703],4762.0
6,1992,Barcelona,ESP,"['ARU' 'BAN' 'BHU' 'ASA' 'ANT' 'BRN' 'BEN' 'BIZ' 'BAR' 'ALB' 'ANG' 'BOT'
 'IVB' 'BIH' 'BUR' 'AND' 'BER' 'BOL' 'ALG' 'CAY' 'CAF' 'CHA' 'COK' 'CMR'
 'CGO' 'CIV' 'COD' 'DJI' 'CRC' 'CYP' 'GEQ' 'ESA' 'PRK' 'DOM' 'COL' 'ECU'
 'CRO' 'SWZ' 'TPE' 'GAB' 'CHI' 'ETH' 'FIJ' 'GRN' 'GUM' 'CUB' 'EST' 'GHA'
 'GUI' 'BUL' 'EGY' 'IOA' 'GUY' 'GUA' 'HAI' 'HON' 'ARG' 'BEL' 'IRQ' 'JOR'
 'INA' 'HKG' 'BRA' 'TCH' 'ISL' 'KSA' 'DEN' 'ISR' 'AUT' 'LAO' 'IRI' 'KUW'
 'JAM' 'LES' 'LBA' 'KEN' 'IRL' 'MAW' 'IND' 'MDV' 'MAD' 'MTN' 'MLI' 'GRE'
 'MRI' 'MLT' 'LBN' 'LTU' 'LIE' 'MAS' 'MOZ' 'NAM' 'LAT' 'AUS' 'MYA' 'LUX'
 'NEP' 'AHO' 'MON' 'NCA' 'NIG' 'FIN' 'OMA' 'MGL' 'MAR' 'PNG' 'PAR' 'PAN'
 'QAT' 'NGR' 'PAK' 'PER' 'RWA' 'PHI' 'VIN' 'SAM' 'PUR' 'CAN' 'MEX' 'SEY'
 'HUN' 'SLE' 'SMR' 'SEN' 'POR' 'SOL' 'NZL' 'SGP' 'SUR' 'SUD' 'SRI' 'SYR'
 'GER' 'GAM' 'SLO' 'TOG' 'TGA' 'JPN' 'BAH' 'UAE' 'RSA' 'THA' 'TTO' 'EUN'
 'TUN' 'UGA' 'NOR' 'TAN' 'KOR' 'ROU' 'VAN' 'YEM' 'CHN' 'VIE' 'NED' 'ISV'
 'ZAM' 'GBR' 'ITA' 'URU' 'ZIM' 'POL' 'FRA' 'TUR' 'VEN' 'ESP' 'SUI' 'SWE'
 'USA']",169.0,"['Athletics' 'Rowing' 'Taekwondo' 'Table Tennis' 'Swimming' 'Boxing'
 'Shooting' 'Canoe Sprint' 'Artistic Gymnastics' 'Basque pelota'
 'Cycling Road' 'Canoe Slalom' 'Cycling Track' 'Wrestling' 'Judo'
 'Equestrian Jumping' 'Rhythmic Gymnastics' 'Weightlifting' 'Badminton'
 'Sailing' 'Artistic Swimming' 'Equestrian Dressage' 'Archery' 'Tennis'
 'Fencing' 'Equestrian Eventing' 'Hockey' 'Water Polo' 'Diving' 'Handball'
 'Football' 'Volleyball' 'Basketball' 'Baseball' 'Modern Pentathlon'
 'Roller Hockey']",36.0,[64474 64472 14165 ... 60589 60599 60571],9875.0,[64474 14165 17021 ... 60589 60599 60571],7052.0,[64472 41257   343 ... 53266 53271 53274],2823.0
7,1952,Helsinki,FIN,"['BER' 'CHI' 'CUB' 'GHA' 'BUL' 'EGY' 'GUY' 'GUA' 'ARG' 'BEL' 'INA' 'HKG'
 'BRA' 'TCH' 'ISL' 'DEN' 'ISR' 'AUT' 'IRI' 'JAM' 'IRL' 'IND' 'GRE' 'LBN'
 'LIE' 'AUS' 'MYA' 'LUX' 'AHO' 'MON' 'FIN' 'PAN' 'NGR' 'PAK' 'SAA' 'PHI'
 'PUR' 'CAN' 'MEX' 'HUN' 'POR' 'VNM' 'NZL' 'SGP' 'SRI' 'GER' 'JPN' 'BAH'
 'RSA' 'THA' 'TTO' 'NOR' 'KOR' 'ROU' 'CHN' 'NED' 'GBR' 'ITA' 'URU' 'POL'
 'FRA' 'TUR' 'VEN' 'URS' 'YUG' 'ESP' 'SUI' 'SWE' 'USA']",69.0,"['Artistic Gymnastics' 'Swimming' 'Sailing' 'Athletics' 'Water Polo'
 'Canoe Marathon' 'Canoe Sprint' 'Art Competitions' 'Equestrian Eventing'
 'Cycling Track' 'Diving' 'Shooting' 'Wrestling' 'Rowing' 'Weightlifting'
 'Fencing' 'Boxing' 'Hockey' 'Modern Pentathlon' 'Equestrian Jumping'
 'Football' 'Cycling Road' 'Pesäpallo' 'Basketball' 'Handball'
 'Equestrian Dressage']",26.0,[65359 65360 45540 ... 60662 60801 60677],5544.0,[45540 45541 45536 ... 60662 60801 60677],4992.0,"[  65359   65360   66342   66338   66340   79564   28180   28143   28179
   28181   28149   28153   28138   28175   65647   70898   64372   64363
   64368   64365   64377   64375   20489   44940   45478   45465   45452
   45466  922025   45479   48033   48036   65494   65491   65501   45584
   45586   29159   29117   29140   29154   29110   29149   29158   29141
   76563   76552   76565   76547   10822  923302   66879    9419   11350
   20594   20589   20596   46268   46251   46298   46279   46292   46266
   46274   46295   71685   71689  923324   71694   28086   28081   28087
   28095   28096   28082   28093   28083   64870   64834  923296   64864
  923297   64840   64873   64833   64865    9049   45351   20521   20523
   20519   45320   72250   72239 2000589 2000587  920793  920805 2000544
   71359   71357   48273   48275   64528   64579   64503   64531   20507
   20503   45091   45126   45023   45080 2000660   28350   28347   28341
   28337   28351   28344   28345   28349   67513   67523   67509   67503
   67514   67490   67473   67483   67527   67493   67520   67511   67531
    9522   20610   20614   20612   46603   46618   46606   46601  922050
  922051   46613   75481   75484   75482   75483    9886  920185   65885
   65931   65872   65895  923299   65868   65939   45840   45858   45882
   45785   73451   49153   49136   28633   28630   28668   28661   28619
   28636   28606   28628   71031   71074   71085   71079   71041   71049
   10025   20737   20751   20736   48137   48139   48125   48101   45461
   48134   48119   48104   48108   28972   28970   28964   74289   49611
   79566 2000537   28577   28533   28551   28576   28567   28583   28541
   28543   70095   70074   70027   70030   70107  923312   70008   70101
   70123   70126   70025   70036   70063   70040   69946    9868   11495
   20694   47722   47743   47681   47629   47664  922137   47672   47670
   72420   72392  138440   48666   48891   48692   48664   48712   48682
   48693   48600   75235   75233   75227   49976   28897   28903   28898
   80559   11297   60996   72870 2000657   29028   29012   29011   29023
   28991   29035   28987   28990   75149   75123   75130   28858   28861
   28869   28871   28883   28854   28870   28872   73714   73711   73715
   73721   73748   10346   49400   49358   49393   49340   49419   49429
   49361   49401   49318   49334   49302   49308   28458   28446   28435
   28461   28484   28445   28463   28470   68652   68598   68776   68625
   68640   68697   68639   68773   68798   68707   68681   68745   68621
   68817   68650   68628    9679   47167   47092   47012   47149   47090
   20672   20682   20663   46972   47124   46980   47170   47181   47089
   47100   47110   47035   47182   47051   28731   28693   28716   28739
   28689   28734   28701   28685   71774   71813   71754   71779   71787
   71769   71756   71820   20779   20798   20780   48405   48435   48396
   48392  922241   77729 2000645 2000651   28953   28949   28948   28930
   28940   28956   28925   28936   74586   74660   74631   74578   74601
   74595   74587   74625   74592   20876   20885   20890   49761   49762
   28376   28404   28393   28388   28400   28386   28377   28421   67982
   67923   67961   67950   67973   67946   67939   67953   68008   67921
   67935   68015    9583   46757   46760   20626  138436   20623   46683
   46782   46734   46785   46756   46787   46748   21025   21028  922364
   29183   29177   29203   29217   29179   29208   29181   29190   77221
   77215   77328   77301   77217   77196   77195   77144   77163   77179
   77323   77239   77191   77336   77326   77330   77292   77153   77186
   77198   10944   50718   50773   50753   50766   50680   20970   20977
   20971   50687   50716   50772   29328   29338   29310   29333   29327
   29332   29314   29315   79370   79361  923352   75749   75725   10676
   50133   20939   50145   50125   50129   50130   29097   29104   29085
   29101   29088   29105   29100   29086   75980   76014   75992   76002
  923339  923340   75996   75986   76009   10738   50222   50239   50225
   50287   50215   50233  922320   50330   29223   29246   29282   29295
   29235   29248   29241   29255   77820   77857   77919   77815   77798
   77881  923350   77894   77807   77896   51112   51142   51025   51135
   51208   11344   21021   21009   20994   60966   61081   50950   51203
   51169   51078   51038   51123   51090  922340   51201   51023   51141
   51151   51186   50996]",552.0
8,1900,Paris,FRA,"['BOH' 'CUB' 'HAI' 'ARG' 'BEL' 'DEN' 'AUT' 'IRI' 'IND' 'GRE' 'AUS' 'PER'
 'MEX' 'HUN' 'GER' 'RUS' 'UNK' 'NOR' 'ROU' 'NED' 'GBR' 'ITA' 'FRA' 'ESP'
 'SUI' 'SWE' 'USA']",27.0,"['Tennis' 'Rowing' 'Ballooning' 'Cycling Track' 'Tug-Of-War' 'Athletics'
 'Cricket' 'Motorboating' 'Sailing' 'Football' 'Fencing' 'Shooting'
 'Military Exercise' 'Polo' 'Artistic Gymnastics' 'Archery' 'Croquet'
 'Swimming' 'Firefighting' 'Longue Paume' 'Golf' 'Fishing' 'Lifesaving'
 'Water Polo' 'Equestrian Jumping' 'Boules' 'Basque pelota' 'Rugby'
 'Equestrian Dressage' 'Automobile Racing' 'Motorcycle Sports'
 'Equestrian Driving']",32.0,[  29463   65439   65437 ... 1805040 1500132  890420],2165.0,[  29463   65439   65437 ...  102419 1805040 1500132],2125.0,"[    694      45    2458    2736 2305358   11342  890267  891106  895025
  895009  890429   17834   17833   17837  118287 1700456   18191   17846
   18194   17845   17844   17847   17841 2301107  890670    2451  891301
 2800896 2800897    2452    2735 1600001  890740 2305359   18210   61789
   18138   18139 2301106  890420]",40.0
9,1924,Paris,FRA,"['ECU' 'CHI' 'CUB' 'EST' 'BUL' 'EGY' 'HAI' 'ARG' 'BEL' 'BRA' 'TCH' 'DEN'
 'AUT' 'IRL' 'IND' 'GRE' 'LTU' 'LAT' 'AUS' 'LUX' 'MON' 'FIN' 'PHI' 'CAN'
 'MEX' 'HUN' 'POR' 'NZL' 'JPN' 'RUS' 'RSA' 'NOR' 'ROU' 'NED' 'GBR' 'ITA'
 'URU' 'POL' 'FRA' 'TUR' 'YUG' 'ESP' 'SUI' 'SWE' 'USA']",45.0,"['Canoe Sprint' 'Swimming' 'Fencing' 'Boxing' 'Weightlifting' 'Athletics'
 'Sailing' 'Shooting' 'Tennis' 'Artistic Gymnastics' 'Basque pelota'
 'Equestrian Dressage' 'Diving' 'Wrestling' 'Rugby' 'Polo' 'Water Polo'
 'Art Competitions' 'Equestrian Jumping' 'Cycling Track' 'Rowing'
 'Football' 'Modern Pentathlon' 'Cycling Road' 'Canne De Combat'
 'Equestrian Eventing' 'Savate']",27.0,[67059 67058 67066 ... 60771 60768 60630],3970.0,[67059 67058 67066 ... 60771 60768 60630],3800.0,"[ 920117  920132   45454     669     672     668     678   50520   50511
   50522   50513  920209  920232   46287   20599   20592   20588   20591
   46294   46301   46302   46285  922045   46293    2358   45323   45359
   45319     788     789     271 1805026     171 1805003  920001   49040
   49041 1805013   20758   48122     211 1805011   49608  921268    1029
    1030   49352   49295   20852   20854   20860   49423   49296   49301
     983  920551  920505   47063   47117   47097   47169   47113   46963
   20668   20671   20666   20686   47071   47157   46970   47104   47101
 2000037   47047   46982   47082   47108   46991   47029      59      68
      67      46      44  920899     808     805     813 1805007   20867
 2303718  920299  920267  920280  920284  920263  920348  920355  920369
  920407  920331  920370  920401   46743   46770   46696   20643   20648
   21748   20619   46768   46741   46758   46759   46780   46777   46755
   46739    2462    2453    2461    2455    2445    2444    2410    2417
 1805017 1805006  921279   20929   20926   20936   60999   50297   50262
   50261   50325   20948   20945   20946   50305   50238   50245   50223
    2594    2602  921448   50963   51168   51019   51198   51119   21000
   21003   51091   51233   51010   51140   51228   51005   50961   50984
   51027   50991   51183    2744    2734    2732    2739    2743]",170.0
10,2024,Paris,FRA,[],,[],,[],,[],,[],
11,1972,München,FRG,"['BEN' 'BIZ' 'BAR' 'ALB' 'AFG' 'BUR' 'CAM' 'BER' 'BOL' 'ALG' 'CHA' 'CMR'
 'CGO' 'CIV' 'CRC' 'ESA' 'PRK' 'DOM' 'COL' 'ECU' 'SWZ' 'TPE' 'GAB' 'CHI'
 'ETH' 'FIJ' 'CUB' 'GHA' 'GDR' 'BUL' 'EGY' 'GUY' 'GUA' 'HAI' 'ARG' 'BEL'
 'INA' 'HKG' 'BRA' 'TCH' 'ISL' 'KSA' 'DEN' 'ISR' 'AUT' 'IRI' 'KUW' 'JAM'
 'LES' 'LBR' 'KEN' 'IRL' 'MAW' 'IND' 'MAD' 'MLI' 'GRE' 'MLT' 'LBN' 'LIE'
 'MAS' 'AUS' 'MYA' 'LUX' 'NEP' 'AHO' 'MON' 'NCA' 'NIG' 'FIN' 'MGL' 'MAR'
 'PAR' 'PAN' 'NGR' 'PAK' 'PER' 'PHI' 'PUR' 'CAN' 'MEX' 'HUN' 'SMR' 'SEN'
 'POR' 'SOM' 'VNM' 'NZL' 'SGP' 'SUR' 'SUD' 'SRI' 'SYR' 'TOG' 'JPN' 'BAH'
 'THA' 'TTO' 'TUN' 'UGA' 'NOR' 'TAN' 'KOR' 'ROU' 'NED' 'ISV' 'ZAM' 'GBR'
 'ITA' 'URU' 'POL' 'FRA' 'TUR' 'VEN' 'URS' 'FRG' 'YUG' 'ESP' 'SUI' 'SWE'
 'USA']",121.0,"['Athletics' 'Rowing' 'Swimming' 'Equestrian Jumping' 'Fencing'
 'Artistic Gymnastics' 'Canoe Slalom' 'Cycling Track' 'Wrestling'
 'Weightlifting' 'Shooting' 'Waterskiing' 'Archery' 'Diving' 'Judo'
 'Volleyball' 'Football' 'Hockey' 'Equestrian Dressage' 'Boxing'
 'Badminton' 'Canoe Sprint' 'Sailing' 'Modern Pentathlon' 'Handball'
 'Basketball' 'Cycling Road' 'Equestrian Eventing' 'Water Polo']",29.0,[ 65351 923484   1692 ...  60734  60733  60754],7392.0,[ 65351 923484   1692 ...  60734  60733  60754],6273.0,[ 65060  65064  65055 ...  51245  51129 902565],1119.0
12,1908,London,GBR,"['ANZ' 'BOH' 'ARG' 'BEL' 'ISL' 'DEN' 'AUT' 'GRE' 'FIN' 'CAN' 'HUN' 'GER'
 'RUS' 'RSA' 'NOR' 'NED' 'GBR' 'ITA' 'FRA' 'TUR' 'SUI' 'SWE' 'USA']",23.0,"['Athletics' 'Football' 'Tennis' 'Boxing' 'Wrestling' 'Sailing' 'Shooting'
 'Cycling Track' 'Racquets' 'Motorboating' 'Hockey' 'Figure Skating'
 'Swimming' 'Lacrosse' 'Rowing' 'Fencing' 'Glíma' 'Archery' 'Diving'
 'Water Polo' 'Tug-Of-War' 'Rugby' 'Polo' 'Artistic Gymnastics'
 'Bicycle Polo' 'Jeu De Paume']",26.0,[64710 64756 64808 ... 60683 60720 60603],2423.0,[64710 64756 64808 ... 60683 60720 60603],2369.0,"[2303300 1805021 1805018 1805001 1805004 1805015   82177   81336     549
     536     544     559     545     530     589     565     560     532
     550     529     552     561     557     535     548     531     533
     546     547     566     558     554     563 2303297   82508   81193
   81724   81419   17952   61038      57      40      71      62      51
      45 1805009      47      65      43    2452   81867    2585    2605]",54.0
13,1948,London,GBR,"['AFG' 'BER' 'COL' 'CHI' 'CUB' 'EGY' 'GUY' 'ARG' 'BEL' 'IRQ' 'BRA' 'TCH'
 'ISL' 'DEN' 'AUT' 'IRI' 'JAM' 'IRL' 'IND' 'GRE' 'MLT' 'LBN' 'LIE' 'AUS'
 'MYA' 'LUX' 'MON' 'FIN' 'PAN' 'PAK' 'PER' 'PHI' 'PUR' 'CAN' 'MEX' 'HUN'
 'POR' 'NZL' 'SGP' 'SRI' 'SYR' 'RSA' 'TTO' 'NOR' 'KOR' 'CHN' 'NED' 'GBR'
 'ITA' 'URU' 'POL' 'FRA' 'TUR' 'VEN' 'YUG' 'ESP' 'SUI' 'SWE' 'USA']",59.0,"['Art Competitions' 'Fencing' 'Wrestling' 'Canoe Sprint' 'Athletics'
 'Swimming' 'Artistic Gymnastics' 'Hockey' 'Cycling Track'
 'Equestrian Dressage' 'Cycling Road' 'Rowing' 'Equestrian Eventing'
 'Lacrosse' 'Canoe Marathon' 'Equestrian Jumping' 'Modern Pentathlon'
 'Weightlifting' 'Water Polo' 'Shooting' 'Sailing' 'Boxing' 'Diving'
 'Basketball' 'Football']",25.0,[23863 23862 23869 ... 60582 60801 60668],4852.0,[23863 23862 23869 ... 60582 60801 60668],4384.0,"[ 65360  65356  66339  66348  66342  66338  64379  64375  20484  20489
  20485  44931  44923  44927  44929  44933  44943  28115  28108  28112
  28110  28116  28100  28107  28097  65117  65119   9115  20526  20529
  20533  45444  45455  45463  45472  45466 922023  45471  65494  65496
  65510  65513  65504  65509  45584  45602  45589  45583  45586 921421
  29124  29133  29144  29154  29134  29162  29148  29128  76573  76559
  76552  76547  10821  48326  48319  48324  66892  66891  66878  66894
 923251  66885  66879   9413  50230  46256  20594  20598  20596  46251
  46267  46259  46255  46307 922046  46266 920025 920047 920067 920069
 920048 921832  28081  28084  28087  28093  28080  28090  28082  28096
  64859  64860  64870 923245  64844  64869  64868  64836  64867  64840
  64873  64833  64865   9053  45330  45356  20521  20523  20524  72248
  72239 138433  72231  72198 920805 920784 920793 920807  20769  70687
  64579  64553  64536  64549  64496  45091  45125  45023  45080  73225
  73224  73228 920262  67489  67507  67511   9522  46610 902730 902729
 902734 920185 920190 920195 920187  65892  65866  65831  65847  65855
  65877  65919  65841  65856  20550  20546  45840  45882  45817  45773
  49106  49127  20849  20843  20851  49109  49119 920766  28668  28636
  28628  28619  28601  28661  28614  28650 923269 923268 923271  71041
  71074  10019  48144  20737  20736  20743  48139  48119  48123  48134
  48125  45461 922193  49595  75235 921156  74091  49539  49540  72894
 920199  28883  28858  28889  28869  28881  28868  28859  28864  73711
  73757  73721  73742  73768  73780  73752  73754  73763  73744  73719
  10346  49338  49332  20858  20859  49361  49340  49393  49364 922282
  49401  49408  49333  49418  49316  49345 920500 920528 920571 920432
 920446 920538 920486 920572 920462 920540 920473 920496 920535 920482
 920523 920452 920445 920453 920488 920472 920443 920476 920513  28435
  28424  28446  28437  28444  28472  28445  28480  68721  68605  68693
  68816  68805  68625  68659  68803  68637  68758  68745  68658  68649
  68706  68774  68764  68813  68612  68711  68627   9699  46992  47050
  47004  46978  47111  47054  20672  20679  20656  47124  47114  47166
  47028  47032  47089  47183  47015  46994  46990  47035 921827 920906
  28722  28738  28716  28724  28747  28685  28710  28728  71813  79559
  79560 102454  71797  71796  71756  71764  20780  20779  20787 921430
 921166 921173 921174  74635  74662  74651  20876 920345  30040  30038
  28403  28382  28386  28423  28404  28421  67984 923259  68008  67944
  67982  68013  67963  67992  68004  67917  67921  67978  68015  67966
  67980   9587  46760  46757  46794  20626  20636  20627  46683  46734
  46786  46785  46721 922052  46686  46800  76983  29311  31490  29337
  29309  29338  29305  29318  29308  79349 923293  79370  79364 921303
 921272 920108  20933  20939  20930  50123  50125  50130  29097  29087
  29105  29101  29093  29082  29081  29092  75998  76009  75975  75984
  75979  10731  50302  50239  50212  50287  50321 922321  29281  29282
  29241  29223  29221  29229  29285  29235  77934  77998  78021  77820
  77874  78001  77952  77904  77790  77944  77885  77811  51006  51142
  51012  51208  20991  21021  20997  51000  50997  51054  51098  51077
  51090 922341  51250  51121  51067  51095  51241  51150]",468.0
14,2012,London,GBR,"['ARU' 'BAN' 'BHU' 'ASA' 'ANT' 'BRN' 'BEN' 'BIZ' 'BAR' 'ALB' 'ANG' 'AFG'
 'BRU' 'AZE' 'ARM' 'BDI' 'CPV' 'BOT' 'IVB' 'BIH' 'BUR' 'AND' 'CAM' 'BER'
 'BOL' 'ALG' 'CAY' 'CAF' 'COM' 'CHA' 'COK' 'CMR' 'CGO' 'BLR' 'CIV' 'COD'
 'DJI' 'DMA' 'CRC' 'CYP' 'GEQ' 'ERI' 'ESA' 'PRK' 'DOM' 'COL' 'CRO' 'ECU'
 'FSM' 'SWZ' 'TPE' 'GAB' 'CHI' 'ETH' 'FIJ' 'CZE' 'GRN' 'GEO' 'GUM' 'CUB'
 'GBS' 'EST' 'GHA' 'GUI' 'BUL' 'EGY' 'IOA' 'GUY' 'GUA' 'HAI' 'HON' 'ARG'
 'BEL' 'IRQ' 'JOR' 'INA' 'HKG' 'BRA' 'KIR' 'ISL' 'KSA' 'DEN' 'ISR' 'AUT'
 'LAO' 'IRI' 'KUW' 'KGZ' 'JAM' 'LES' 'LBA' 'LBR' 'KEN' 'KAZ' 'IRL' 'MHL'
 'MAW' 'IND' 'MDV' 'MAD' 'MTN' 'MLI' 'GRE' 'MRI' 'MLT' 'LBN' 'MNE' 'LTU'
 'LIE' 'MAS' 'NRU' 'MOZ' 'NAM' 'LAT' 'AUS' 'MYA' 'LUX' 'NEP' 'MON' 'NCA'
 'NIG' 'FIN' 'MKD' 'PLW' 'OMA' 'PLE' 'MGL' 'MAR' 'PNG' 'PAR' 'PAN' 'QAT'
 'NGR' 'PAK' 'MDA' 'PER' 'RWA' 'SKN' 'LCA' 'PHI' 'VIN' 'SAM' 'STP' 'PUR'
 'CAN' 'MEX' 'SEY' 'HUN' 'SLE' 'SRB' 'SMR' 'SEN' 'POR' 'SOL' 'SOM' 'NZL'
 'SGP' 'SUR' 'SUD' 'TJK' 'SRI' 'SYR' 'GER' 'SVK' 'TLS' 'GAM' 'SLO' 'TOG'
 'TGA' 'TKM' 'JPN' 'TUV' 'BAH' 'RUS' 'UAE' 'RSA' 'THA' 'TTO' 'TUN' 'UGA'
 'NOR' 'TAN' 'KOR' 'ROU' 'VAN' 'YEM' 'CHN' 'VIE' 'NED' 'ISV' 'UZB' 'ZAM'
 'GBR' 'ITA' 'URU' 'ZIM' 'POL' 'FRA' 'TUR' 'VEN' 'UKR' 'ESP' 'SUI' 'SWE'
 'USA']",205.0,"['Canoe Sprint' 'Boxing' 'Cycling Track' 'Athletics' 'Swimming' 'Fencing'
 'Badminton' 'Rowing' 'Rhythmic Gymnastics' 'Cycling Road' 'Weightlifting'
 'Shooting' 'Table Tennis' 'Basketball' 'Cycling Mountain Bike'
 'Artistic Gymnastics' 'Wrestling' 'Diving' 'Taekwondo' 'Beach Volleyball'
 'Sailing' 'Marathon Swimming' 'Football' 'Artistic Swimming'
 'Equestrian Jumping' 'Cycling BMX Racing' 'Canoe Slalom' 'Judo'
 'Water Polo' 'Tennis' 'Triathlon' 'Hockey' 'Handball' 'Trampolining'
 'Equestrian Eventing' 'Archery' 'Equestrian Dressage' 'Modern Pentathlon'
 'Volleyball']",39.0,[123317 123468 123200 ... 126710 126543 117025],10768.0,[123317 123468 120212 ... 126774 126623 126748],5992.0,[123200 121236 120672 ... 126710 126543 117025],4776.0
15,1936,Berlin,GER,"['AFG' 'BER' 'BOL' 'CRC' 'COL' 'CHI' 'EST' 'BUL' 'EGY' 'ARG' 'BEL' 'BRA'
 'TCH' 'ISL' 'DEN' 'AUT' 'IND' 'GRE' 'MLT' 'LIE' 'LAT' 'AUS' 'LUX' 'MON'
 'FIN' 'PER' 'PHI' 'CAN' 'MEX' 'HUN' 'POR' 'NZL' 'GER' 'JPN' 'RSA' 'NOR'
 'ROU' 'CHN' 'NED' 'GBR' 'ITA' 'URU' 'POL' 'FRA' 'TUR' 'YUG' 'SUI' 'SWE'
 'USA']",49.0,"['Athletics' 'Boxing' 'Diving' 'Equestrian Dressage' 'Art Competitions'
 'Wrestling' 'Swimming' 'Gliding' 'Canoe Sprint' 'Sailing' 'Weightlifting'
 'Handball' 'Rowing' 'Equestrian Jumping' 'Artistic Gymnastics' 'Football'
 'Alpinism' 'Fencing' 'Canoe Marathon' 'Equestrian Eventing'
 'Modern Pentathlon' 'Cycling Road' 'Water Polo' 'Polo' 'Shooting'
 'Cycling Track' 'Baseball' 'Aeronautics' 'Hockey' 'Basketball']",30.0,[64259 64260 17342 ... 60788 60597 60615],5084.0,[64259 64260 17342 ... 60788 60597 60615],4696.0,"[  66341   44924   65122   65127   20526   20534   20529  922024   20537
   45584   45585   45604   45591   45590  921400   29122   29118   29162
   29135   29125   29119   29163   29108   76572  923228   20954   20953
   50523  922330   50510  920235   46265   46253   20594   20598   20589
   46268   46307   46255   46264   46258   46281   46289   46308   46260
   46286   64875   64856   64853   64863   64850   64833   64858   64841
   45327   45352   20521   20515   20523  922009   45362   45342   45334
   45361  922007  922010   70687  923192   64497   45026   45081   45104
  921032   67477   67481   67478   67500   46608   65888   65840   65826
   65928   65811   65822   65817   45743   45755   20557   20540   20549
   45778   45880   45857   45836   45853   45820  920774   28609   28663
   28650   28643   28669   28666   28639   28627   71035   20737   20760
   20733   48118   48085   48103   48131   48088   48102  920674  920729
   28548   28529   28568   28531   28530   28554   28537   28561   70035
   69968   69939   70112   69973   70029   69970  923188  923189   70020
   70083   70056   70062   69998   69980   70039   69972   47646   47684
   47668   47698   47651   47685   20711   20704   20714  901560   47629
   47702   47735   47662   47721  922135   47751   47729   47659   47677
   47763   72382   72389   72397   79565   72388   72379   72668   48687
   48651   48688   48650   48614   48711   48668  922262   48658   48717
  921265  921260  921263  921264  921259  921258   49539   49531   20902
   20907   66521   46116  921065  921053   73745   73724   73760   73726
   73711  923204   73746   73752   73722   20861   49366   49321   49427
   49396   49383  922285   49384   49351   49431   49350   49391   28443
   28452   28473   28429   28432   28427   28485   28439   68677   68619
   68617   68808   68799   68812   68747  923186   68745   68620   68631
   47146   47086   47030   47109   22137   20656   61033   47162   47057
   47038   47073   47106   47064   47044   47023   47047   47155   47033
   47083  920851  920864  920840   28692   28686   28697   28748   28696
   28682   28683   28709   71815   71824   71745   71751  923197  923199
   71764  921206  921231  921244  921210  921177  921218   28950   28938
   28947   28944   28951   28919   28958   28931   74664   74662   74627
   67994   67976  923180   68014   67990   46744   20651   20644   20617
   46690   46720   46691   20956   20957   29323   29329   29322   29325
   31490   29316   29313 2304791   29336   79371   79359  923233   79375
   79365   79374   21029   21032  902125   50146   20940   20934   20927
   50148  921333   76001   50316   50295   20943   20944 2303734   61043
   50254  921557  921639  921614  921633 1005172   29229   29228   29247
   29239   29259   29265   29300   29254   77976   77955   77760   77928
   77961   77936   77953  923113  923148  923232   77748   77886   78012
   77824   78018   77779   51028   51164   51157   51008   51031   21005
   21006   20996   60928   51115   51096   51082   51153  922339   51024
   51175   51179   50975   51133   50999   51034]",384.0
16,1896,Athina,GRE,"['BUL' 'DEN' 'AUT' 'GRE' 'AUS' 'HUN' 'GER' 'GBR' 'ITA' 'FRA' 'SUI' 'SWE'
 'USA']",13.0,"['Swimming' 'Wrestling' 'Cycling Track' 'Artistic Gymnastics' 'Athletics'
 'Fencing' 'Shooting' 'Tennis' 'Cycling Road' 'Weightlifting']",10.0,"[  31002   41776   66989   46336   67011   16491   21169   45387   30337
   30340   30341   30335   30342   30346   30338   30344   30343   70714
   70729  922403   70737   70861   79648   42625   70782   70870   70876
   70825   70719   70736   70800   70775   70779   70739   70743   79651
   70710  922405  922404 1202145 1202146   70702   70850   70717   70860
   70878   70830   70883   70738   70824   70827   55911   15125   16010
   15126   14837   13447   15116   15882   16906   15379   22391   22379
   22373   22380   22387   22382   22363   22367   22365   42620   42646
   42650   42682   42662   42660   42659   42653   42644   42665   42626
   42642   42677   42673   42672   42648   42635  102578   80232   42618
   42628   42615   42685   42634   42669   80234   47987   47983   47971
     183   79806  922151  922152  922153  922156  922157  922158  922159
  922162  922163  922165  922166  922167  922168  922171  922172  922174
  922182  922183  922184   47996  922376  922154  922160  922161  922169
  922170  922179  922180  922181  922185   47970  922149  922177   47990
   47981   47974     178     181     173     184     174     182   55895
   58508   58481     627   69445   30380   71333   71310  922407  922410
   71127  922409  922406   71190  922408     226 2303652   48186  922221
   70502   30325   30240   30247   70227   30259   30281   30284   30301
   30303   30260     162   70207   70238   14614   15099   15309   16372
   17156      79   69034   69073   69279   69079   13526   15033   22190
   42374   80233  922132 1805076  922411 2303305 2303654 2303653   43008
   46849  922402  922401   68538   68474   68172   42186   14328   15526
 2303301 2303303   21879   21767   21805   22020   21998      13 1805075
   31059   44044   76383   50347  922323   78175   78676   78290  922412
  891621   78596   78121   78578  922414   78257   78231   78439  922413
   79145 2303302 2303304 2303655   23813   44732   44731   44788   51616]",243.0,"[  31002   41776   66989   46336   67011   16491   21169   45387   30337
   30340   30341   30335   30342   30346   30338   30344   30343   70714
   70729  922403   70737   70861   79648   42625   70782   70870   70876
   70825   70719   70736   70800   70775   70779   70739   70743   79651
   70710  922405  922404   70702   70850   70717   70860   70878   70830
   70883   70738   70824   70827   55911   15125   16010   15126   14837
   13447   15116   15882   16906   15379   22391   22379   22373   22380
   22387   22382   22363   22367   22365   42620   42646   42650   42682
   42662   42660   42659   42653   42644   42665   42626   42642   42677
   42673   42672   42648   42635  102578   80232   42618   42628   42615
   42685   42634   42669   80234   47987   47983   47971     183   79806
  922151  922152  922153  922156  922157  922158  922159  922162  922163
  922165  922166  922167  922168  922171  922172  922174  922182  922183
  922184   47996  922376  922154  922160  922161  922169  922170  922179
  922180  922181  922185   47970  922149  922177   47990   47981   47974
     178     181     173     184     174     182   55895   58508   58481
     627   69445   30380   71333   71310  922407  922410   71127  922409
  922406   71190  922408     226 2303652   48186  922221   70502   30325
   30240   30247   70227   30259   30281   30284   30301   30303   30260
     162   70207   70238   14614   15099   15309   16372   17156      79
   69034   69073   69279   69079   13526   15033   22190   42374   80233
  922132 1805076  922411 2303305 2303654 2303653   43008   46849  922402
  922401   68538   68474   68172   42186   14328   15526 2303301 2303303
   21879   21767   21805   22020   21998      13 1805075   31059   44044
   76383   50347  922323   78175   78676   78290  922412  891621   78596
   78121   78578  922414   78257   78231   78439  922413   79145 2303302
 2303304 2303655   23813   44732   44731   44788   51616]",241.0,[1202145 1202146],2.0
17,2004,Athina,GRE,"['ARU' 'BAN' 'BHU' 'ASA' 'ANT' 'BRN' 'BEN' 'BIZ' 'BAR' 'ALB' 'ANG' 'AFG'
 'BRU' 'AZE' 'ARM' 'BDI' 'CPV' 'BOT' 'IVB' 'BIH' 'BUR' 'AND' 'CAM' 'BER'
 'BOL' 'ALG' 'CAY' 'CAF' 'COM' 'CHA' 'COK' 'CMR' 'CGO' 'BLR' 'CIV' 'COD'
 'DMA' 'CRC' 'CYP' 'GEQ' 'ERI' 'ESA' 'PRK' 'DOM' 'COL' 'CRO' 'ECU' 'FSM'
 'SWZ' 'TPE' 'GAB' 'CHI' 'ETH' 'FIJ' 'CZE' 'GRN' 'GEO' 'GUM' 'CUB' 'GBS'
 'EST' 'GHA' 'GUI' 'BUL' 'EGY' 'GUY' 'GUA' 'HAI' 'HON' 'ARG' 'BEL' 'IRQ'
 'JOR' 'INA' 'HKG' 'BRA' 'KIR' 'ISL' 'KSA' 'DEN' 'ISR' 'AUT' 'LAO' 'IRI'
 'KUW' 'KGZ' 'JAM' 'LES' 'LBA' 'LBR' 'KEN' 'KAZ' 'IRL' 'MAW' 'IND' 'MDV'
 'MAD' 'MTN' 'MLI' 'GRE' 'MRI' 'MLT' 'LBN' 'LTU' 'LIE' 'MAS' 'NRU' 'MOZ'
 'NAM' 'LAT' 'AUS' 'MYA' 'LUX' 'NEP' 'AHO' 'MON' 'NCA' 'NIG' 'FIN' 'MKD'
 'PLW' 'OMA' 'PLE' 'MGL' 'MAR' 'PNG' 'PAR' 'PAN' 'QAT' 'NGR' 'PAK' 'MDA'
 'PER' 'RWA' 'SKN' 'LCA' 'PHI' 'VIN' 'SAM' 'STP' 'PUR' 'CAN' 'MEX' 'SCG'
 'SEY' 'HUN' 'SLE' 'SMR' 'SEN' 'POR' 'SOL' 'SOM' 'NZL' 'SGP' 'SUR' 'SUD'
 'TJK' 'SRI' 'SYR' 'GER' 'SVK' 'TLS' 'GAM' 'SLO' 'TOG' 'TGA' 'TKM' 'JPN'
 'BAH' 'RUS' 'UAE' 'RSA' 'THA' 'TTO' 'TUN' 'UGA' 'NOR' 'TAN' 'KOR' 'ROU'
 'VAN' 'YEM' 'CHN' 'VIE' 'NED' 'ISV' 'UZB' 'ZAM' 'GBR' 'ITA' 'URU' 'ZIM'
 'POL' 'FRA' 'TUR' 'VEN' 'UKR' 'ESP' 'SUI' 'SWE' 'USA']",201.0,"['Weightlifting' 'Athletics' 'Artistic Gymnastics' 'Shooting'
 'Equestrian Jumping' 'Artistic Swimming' 'Tennis' 'Volleyball' 'Swimming'
 'Sailing' 'Canoe Sprint' 'Taekwondo' 'Table Tennis' 'Wrestling' 'Judo'
 'Fencing' 'Cycling Track' 'Cycling Road' 'Rowing' 'Boxing' 'Canoe Slalom'
 'Cycling Mountain Bike' 'Softball' 'Diving' 'Archery' 'Baseball'
 'Equestrian Eventing' 'Triathlon' 'Football' 'Badminton' 'Hockey'
 'Basketball' 'Modern Pentathlon' 'Beach Volleyball' 'Trampolining'
 'Water Polo' 'Rhythmic Gymnastics' 'Equestrian Dressage' 'Handball']",39.0,[105469  93253  93254 ... 107556 107563 107580],10827.0,[105469  93253  55126 ... 108121 108071  95177],6413.0,[ 93254  93296  80473 ... 107556 107563 107580],4414.0
18,1960,Roma,ITA,"['AFG' 'BER' 'COL' 'TPE' 'CHI' 'ETH' 'FIJ' 'CUB' 'GHA' 'BUL' 'GUY' 'HAI'
 'ARG' 'BEL' 'IRQ' 'INA' 'HKG' 'BRA' 'TCH' 'ISL' 'DEN' 'ISR' 'AUT' 'IRI'
 'LBR' 'KEN' 'MAL' 'IRL' 'IND' 'GRE' 'MLT' 'LBN' 'LIE' 'AUS' 'MYA' 'LUX'
 'AHO' 'MON' 'FIN' 'MAR' 'PAN' 'RHO' 'NGR' 'PAK' 'PER' 'PHI' 'PUR' 'CAN'
 'MEX' 'HUN' 'SMR' 'POR' 'VNM' 'NZL' 'SGP' 'SUD' 'SRI' 'GER' 'JPN' 'BAH'
 'UAR' 'RSA' 'THA' 'TUN' 'UGA' 'NOR' 'WIF' 'KOR' 'ROU' 'NED' 'GBR' 'ITA'
 'URU' 'ZIM' 'POL' 'FRA' 'TUR' 'VEN' 'URS' 'YUG' 'ESP' 'SUI' 'SWE' 'USA']",84.0,"['Wrestling' 'Artistic Gymnastics' 'Sailing' 'Boxing' 'Weightlifting'
 'Equestrian Eventing' 'Fencing' 'Athletics' 'Shooting'
 'Equestrian Jumping' 'Modern Pentathlon' 'Cycling Track' 'Swimming'
 'Diving' 'Rowing' 'Hockey' 'Basketball' 'Canoe Sprint' 'Water Polo'
 'Cycling Road' 'Equestrian Dressage' 'Football']",22.0,[64261 64265 64262 ... 60610 60581 60677],5597.0,[64261 64265 64262 ... 60610 60581 60677],4959.0,"[  76844   76859   76850   66337   28279   28276   66724   70617   28149
   28143   28179   28178  102564   28171   65673  923383   65695   65676
   70946  128830   28106   28099   28113   11454   20527   20532   20536
   45475   20762   20763   65501   29115   29159   29155   29156   29149
   29106   76574   76556   76569   76543   76575   76562   76547   76567
   10823   10820   50518   48331   66890   66896   66883   66888    9411
    9414   46280   46310   46296   46282   46277   46252   28672   28677
   28671   71683   71687   71684   28076   28088   28085   28078   28079
   28089   64838   64855  923375   64842   64871    9048    9052   20512
   20516   20513   20520 2303756   45348   45344   45360   45328   45365
   45335   71482   20768  923391   71358  923390   28050   28067   64551
   64508   64506   64504   64533   64586   64580   64498   64512   64556
   64588    8987    8983   45068   20495   20509   45044   45069   45020
   45018   45099   45038   45008   45143   45072   45059   44998   28827
   28829   20838   20839   49043   28343   28348   28346   28342   28350
   28336   67488    9521   20613   20609   74446   74445   74447   74444
 2303768   49918   49920   49921   49915   49917   74523   74510   49701
   49709   49706   20893   28224   28221   65861   65865   65874   65882
   45829   45878   45809   45749   45838  923399   49093   20845   49105
   49158   49137   49108   28617   28611   28618   28648   28661   28605
   71042   71065   71036   71050   71027   71048   71032   71026   10019
   10023   20751   20753   20735   20756   20741   48120   48089   48098
   48140   48093   48108   48095   28972   28967   28963   20892   49823
   74279   74288   74284   74287   28497   28518   28520   28513   28517
   28492   70003   69694   69717   70000   69648   70022   69991   69722
   69987   70046   69951   69704   69947   70104   69696   69646   70018
   70007   69701   69658   69672   69999   69735   69707   69990   70114
   69960    9886    9867   47494   47511   47536   11464   20718   20712
   20724   20720   20705   20721   47640   47513   47556   47541   47529
   47734   47753   47476   47469   47464   47495   28796   28784   28798
   28793   28754   28794   72371   72360   72376   72385   72414   48721
   48718   48697   48633   48609   48720   48716   48707   48664   29047
   49985   74095   28824   72950   29017   29018   29020   29016   29030
   29045  923405   75114   75095  923406   75130   75108 1006164   10567
   10557   20917   20912   20913   20909   20900   28882   28862   28857
   28888   28863   28876   73762   73747   73781   73737   73710   49325
   49363   20853   20855   20862   20857 2303767   49394   49409   49357
   49382   49406   49397   49376   49417   49322   49320   49354   49339
   49425   28458   28464   28484   28470   28466   28483   68686   68782
   68694   68676   68699   68623   68753   68761   68611   68743   68775
   68780   68754   68650   68757   68814    9707   47018   47092   47158
   11508   11345   11461   11511   20682   20683   20672   20658   20680
   20681   61009   47153   47171   47127   47137   47115   47048   47088
   47094   47037   47165   47118   28693   28694   28741   28713   28737
   28699   71774   71771   71741   71823   71816  923393   71767   71747
   71803   71792   10151   10142   10145   48417   20794   20779   20785
   20780   20792   48447   48439   48461   48411   48416   48395   48423
   48452   48465   48432   48394   28929   28945   28922   28937   28943
   28921   70089   74665   74629   74608   74669   74636   74663   74656
   74601   74626   74609   74595   74619   74646   74648   74596   10462
   10458   20878   20871   20872   20877   20875   20866   28413   28375
   28372   28391   28408   28387   67911   67936   67954   67961   67908
   67995   68012    9582   46760   20621   20652   20631   20635   20626
   46722   46723   46699   46745   46763   46711   46753   46764   76984
   77000   76981   21023   21027   21026   21024   51648   29198   29204
   29175   29206   29189   29200   77204   77215   77284   77254   77202
   77249   77255   77275   77174   77238  923417   77183   77175   77155
   77289   77303   77285   77182   77336   77292   77245   77273   77333
   77305   10945   10946   50718   50715   50689   20973   20963   20983
   20969   20976   20972   50741   50770   50722   50746   50767   50708
   50712   50725   50676   50734   29315   29306   29320   79372   79373
   79358   79377   79350   21030   28323   28291   28289   28309   28304
   28288   20603   20605   20604   46485   46456  923409   50125   50127
  922313   29102   29096   29079   29089   29083   29098   76024   76000
   75981   75979   10736   50230   20947   50322   50273   50229   50314
   50274   50236   29287   29243   29278   29261   29269   29237   77958
   77881   77867   78013   77938   77797   77984   77795   77951   78009
   77954   77768   77836   77970   77769   77826   77893   77746   11046
   11032   11040   51135   51239   51208   11329   11419   21021   21018
   21004   21001   21009   51225   51242   51062   51200   51206   51002
   51004   51174   50970   50978   51048   51230   51081   51184]",638.0
19,1964,Tokyo,JPN,"['AFG' 'CAM' 'BER' 'BOL' 'ALG' 'CHA' 'CMR' 'CGO' 'CIV' 'CRC' 'DOM' 'COL'
 'TPE' 'CHI' 'ETH' 'CUB' 'GHA' 'BUL' 'EGY' 'GUY' 'ARG' 'BEL' 'IRQ' 'HKG'
 'BRA' 'TCH' 'ISL' 'DEN' 'ISR' 'AUT' 'IRI' 'JAM' 'LBR' 'KEN' 'IRL' 'IND'
 'MAD' 'MLI' 'GRE' 'LBN' 'LIE' 'MAS' 'AUS' 'MYA' 'LUX' 'NEP' 'AHO' 'MON'
 'NIG' 'FIN' 'MGL' 'MAR' 'PAN' 'NGR' 'PAK' 'PER' 'PHI' 'PUR' 'CAN' 'MEX'
 'HUN' 'SEN' 'POR' 'VNM' 'NZL' 'SRI' 'GER' 'JPN' 'BAH' 'THA' 'TTO' 'TUN'
 'UGA' 'NOR' 'TAN' 'KOR' 'ROU' 'NED' 'ZAM' 'GBR' 'ITA' 'URU' 'ZIM' 'POL'
 'FRA' 'TUR' 'VEN' 'URS' 'YUG' 'ESP' 'SUI' 'SWE' 'USA']",93.0,"['Swimming' 'Boxing' 'Baseball' 'Artistic Gymnastics' 'Canoe Sprint'
 'Shooting' 'Athletics' 'Fencing' 'Rowing' 'Kendo' 'Diving'
 'Equestrian Dressage' 'Wrestling' 'Sailing' 'Hockey' 'Weightlifting'
 'Equestrian Jumping' 'Modern Pentathlon' 'Judo' 'Cycling Track'
 'Cycling Road' 'Equestrian Eventing' 'Basketball' 'Volleyball'
 'Water Polo' 'Football']",26.0,[57079 57082 57090 ... 60581 60601 60682],5422.0,[57079 57082 57090 ... 60581 60601 60682],4716.0,"[  29164   76861   76844   66719   20582   70618   70617   70612   28149
   28137   65673   65652   65653   65680    9183   64369   64378   64366
   64373 2303275 2303276   20492   44934   28106   48039   65502   29115
   29106   29147   29156   29129   29139   76558   76575   10817   48321
   66877   66884    9412    9411   46311   46306   46282   71690   71688
   28088   64832   64838   64862    9054   45358   45350   45355   45349
   45354   45328   28670   71458   71456   71457   72243   72226   72223
   72204   71482   71358   73353   49071   49067   49070   28055   28051
   28067   28049   28052   64483   64493   64487   64481   64506   64478
   64586   64535   64548   64589   64512   64588    8975    8988   45011
   45068   11397   20500   20506   20509   20511   20510   45044   45009
   45132   45058   45033   45101   45135   45024   45145   45120   45088
   45003   45025   45019   20839   20838   28342   28339   67508   67494
   46617   28849   28847   73594   73592   74443   74448   74446   74444
  923445   73944   73965   49679   28912   74523   74517   74511   74520
  923446   74516   74514   49875   49873   28200   65903   65863   65942
   65924   65854   65883   45877   45845   11325   11349   20559   45823
   45813   45878   45807   45805   45886   45894   45808   73437   49158
   49107   49108   28611   28641   28665   28640   28648   28662   71061
   71042   71065   71050   71066   71081   71051   71032   71053   71080
   71026   10033   10020   20753   20741   20735   20731   20746   48120
   48141   48138   48098   48096   48086   48117   48095   28967   28907
   28906   28909   74282   74276   74261   74284   49590   28510   28520
   28497   28508   28495   28521   69676   70059   70078   70000   69731
   69961   70054   69991   70134   69679   69722   69647   69987   69983
   70046   70115   69726   69690  923429   69947   69646   70007   69658
   69668   69701   69700   69999   69707   69990   69734   69737    9865
    9864    9887   47494   47674   47499   47522   20712   20718   20724
   20721 2303773   47474   47534   47634   47513   47553   47529   47734
   47507   47473   47495   47753   47676   47509   47640   47480   47560
   47458   28796   28793   28784   28776   28754   28797   72372   72399
   72377   72419   72359   72393   72368  923441   72413   72378   72381
   72398   72414   72404   72374   72411   10225   10224   48718   48721
   48686   48622   11365   20818   20822   20820   20809 1006107 1006118
 1006120 1006122 1006124 1006123 1006125   48719   48646   48606   48620
   48643   48642   48716   48722   48670   48704   48696   48690   48609
   48659   52486   52497   52527   52474   52494   52482  102584   52493
   52512   52516  102583   52514   76764   76748   76751   76771  923457
   76757   76756   60913   77057   77055   74083   74088   28807   28816
   28808   72900   72874   72895   72882  923443   72873   72899   72883
   48931   20835   48948   48930   52603   52605   52609   52618   52626
   52632   52643   52645   52646   52652   52653   52658   29017   29018
   28994   29016   29045   28999   75095   75159   75146   75130   75102
   75142   75108   10556   10564   20900   20912   20917   20905   20906
 2303777   52918   52930   52929   52928   52933   52926   52922   52936
   52935   52919 2302447   73710   73770   73747   73772   73736   49394
   49420   49299   49395   49428   49407   49430   49417   49300   49362
   49354   49353   49360   49342   49339   21033   28438   28475   68686
   68597   68629   68778   68748   68664   68702   68783   68678   68743
   68611   68802   68780   68726   68703   68750   68691   68755   68757
    9707   47000   47112   11345   20687   20680   20660   20681 2303772
   47077   47171   46962   47091   47144   47094   47096   47116   47088
   47103   47148   47016   46998   47026   47122   47075   71818   20794
   20790   20785   20779   20795   48395   48447   48446   48439   48411
   49916   49914   49919   49922   28955   28917   28922   28913   28942
   28943   74620   70089   74629   74618   74665   74601   74609   10462
   10446   52860   52861   52863   52864   52865   52866   52867   52870
   52871   52872   52862 2302446   28394   28355   28360   67957   67909
   67975   67968   67936   67910   67961   67927   11391   20646   20625
   20632   20622   20645   46765   46700   46694   51648   29198   29175
   29218   29200   29202   29184   77332   77246   77190   77202   77204
   77187   77262   77314   77284   77322   77174   77306   77175   77240
   77180   77285   77336   77245   77292   77198   77333   77273   77302
   10939   10932   10945   50686   50672   50675   50671   50720   50684
   20963   20973   20972   20969   20976   50681   50762   50726   50738
   50735   50673   50683   50697   53114   53119   53121   53124   53126
   53127   53139   53142   53151   53155   53154   53165   79354   79373
   79358   46485   46456   46452   11335   29099   29083   29102   29098
   29095   29096   76024   75983   10736   10742   50312   20949   20950
   50246   50277   50264   50283   50329   50220   29262   29264   29234
   29237   29297   29288   77993   77913   78008   77775   77987   77968
   77890   77763   77929   77966   78009   77918   77772   77755   78003
   77984   77769   77826   77752   77797   11041   11033   11046   50993
   51239   51033   50979   50995   51212   11329   11419   11402   11318
   11382   11398   21004   21021   20986   20998   21011   51207   51011
   51044   51007   51160   51205   51002   51231   50974   50952   51188
   51016   51048   51086   51051   51139   51018   51162   51035   51165
   51155   53225   77836   53233   53235   53252   53253   53257   53258
   53260   53261   53268   53270]",706.0
20,2020,Tokyo,JPN,"['ARU' 'BAN' 'BHU' 'ASA' 'ANT' 'BRN' 'BEN' 'BIZ' 'BAR' 'ALB' 'ANG' 'AFG'
 'BRU' 'AZE' 'ARM' 'BDI' 'CPV' 'BOT' 'IVB' 'BIH' 'BUR' 'AND' 'CAM' 'BER'
 'BOL' 'ALG' 'CAY' 'CAF' 'COM' 'CHA' 'COK' 'CMR' 'CGO' 'BLR' 'CIV' 'COD'
 'DJI' 'DMA' 'CRC' 'CYP' 'GEQ' 'ERI' 'ESA' 'DOM' 'COL' 'CRO' 'ECU' 'FSM'
 'SWZ' 'TPE' 'GAB' 'CHI' 'ETH' 'FIJ' 'CZE' 'GRN' 'GEO' 'GUM' 'CUB' 'GBS'
 'EST' 'GHA' 'GUI' 'BUL' 'EGY' 'GUY' 'GUA' 'HAI' 'HON' 'ARG' 'BEL' 'IRQ'
 'JOR' 'INA' 'HKG' 'BRA' 'KIR' 'KOS' 'ISL' 'KSA' 'DEN' 'ISR' 'AUT' 'LAO'
 'IRI' 'KUW' 'KGZ' 'JAM' 'LES' 'LBA' 'LBR' 'KEN' 'KAZ' 'IRL' 'MHL' 'MAW'
 'IND' 'MDV' 'MAD' 'MTN' 'MLI' 'GRE' 'MRI' 'MLT' 'LBN' 'MNE' 'LTU' 'LIE'
 'MAS' 'NRU' 'MOZ' 'NAM' 'LAT' 'AUS' 'MYA' 'LUX' 'NEP' 'MON' 'NCA' 'NIG'
 'FIN' 'MKD' 'PLW' 'OMA' 'PLE' 'MGL' 'MAR' 'PNG' 'EOR' 'PAR' 'PAN' 'QAT'
 'NGR' 'PAK' 'MDA' 'PER' 'RWA' 'SKN' 'LCA' 'PHI' 'ROC' 'VIN' 'SAM' 'STP'
 'PUR' 'CAN' 'MEX' 'SEY' 'HUN' 'SLE' 'SSD' 'SRB' 'SMR' 'SEN' 'POR' 'SOL'
 'SOM' 'NZL' 'SGP' 'SUR' 'SUD' 'TJK' 'SRI' 'SYR' 'GER' 'SVK' 'TLS' 'GAM'
 'SLO' 'TOG' 'TGA' 'TKM' 'JPN' 'TUV' 'BAH' 'UAE' 'RSA' 'THA' 'TTO' 'TUN'
 'UGA' 'NOR' 'TAN' 'KOR' 'ROU' 'VAN' 'YEM' 'CHN' 'VIE' 'NED' 'ISV' 'UZB'
 'ZAM' 'GBR' 'ITA' 'URU' 'ZIM' 'POL' 'FRA' 'TUR' 'VEN' 'UKR' 'ESP' 'SUI'
 'SWE' 'USA']",206.0,"['Athletics' 'Softball' 'Karate' 'Cycling BMX Racing' 'Judo' 'Sailing'
 'Canoe Sprint' 'Weightlifting' 'Swimming' 'Handball' 'Cycling Track'
 'Equestrian Dressage' 'Rhythmic Gymnastics' 'Boxing' 'Rowing' 'Diving'
 'Archery' 'Taekwondo' 'Badminton' 'Equestrian Eventing' 'Canoe Slalom'
 'Shooting' 'Artistic Gymnastics' 'Wrestling' 'Equestrian Jumping'
 'Hockey' 'Table Tennis' 'Tennis' 'Modern Pentathlon' 'Cycling Road'
 'Artistic Swimming' 'Fencing' 'Football' 'Surfing' 'Basketball' 'Golf'
 'Skateboarding' '3x3 Basketball' 'Beach Volleyball' 'Sport Climbing'
 'Baseball' 'Cycling Mountain Bike' 'Water Polo' 'Marathon Swimming'
 'Trampolining' 'Volleyball' 'Cycling BMX Freestyle' 'Rugby Sevens'
 'Triathlon']",49.0,[111734 132448 128938 ... 147308 147310 132192],11579.0,[111734 132448 140936 ... 147505 136404 147506],6040.0,[128938 140934 140935 ... 147308 147310 132192],5539.0
21,1988,Seoul,KOR,"['ARU' 'BAN' 'BHU' 'ASA' 'ANT' 'BRN' 'BEN' 'BIZ' 'BAR' 'ANG' 'AFG' 'BOT'
 'IVB' 'BUR' 'AND' 'BER' 'BOL' 'ALG' 'CAY' 'CAF' 'CHA' 'COK' 'CMR' 'CGO'
 'CIV' 'COD' 'DJI' 'CRC' 'CYP' 'GEQ' 'ESA' 'DOM' 'COL' 'ECU' 'SWZ' 'TPE'
 'GAB' 'CHI' 'FIJ' 'GRN' 'GUM' 'GHA' 'GUI' 'GDR' 'BUL' 'EGY' 'GUY' 'GUA'
 'HAI' 'HON' 'ARG' 'BEL' 'IRQ' 'JOR' 'INA' 'HKG' 'BRA' 'TCH' 'ISL' 'KSA'
 'DEN' 'ISR' 'AUT' 'LAO' 'IRI' 'KUW' 'JAM' 'LES' 'LBA' 'LBR' 'KEN' 'IRL'
 'MAW' 'IND' 'MDV' 'MTN' 'MLI' 'GRE' 'MRI' 'MLT' 'LBN' 'LIE' 'MAS' 'MOZ'
 'AUS' 'YAR' 'MYA' 'LUX' 'NEP' 'AHO' 'MON' 'NIG' 'FIN' 'OMA' 'MGL' 'MAR'
 'PNG' 'PAR' 'PAN' 'QAT' 'NGR' 'PAK' 'PER' 'RWA' 'PHI' 'VIN' 'SAM' 'PUR'
 'CAN' 'MEX' 'HUN' 'SLE' 'SMR' 'YMD' 'SEN' 'POR' 'SOL' 'SOM' 'NZL' 'SGP'
 'SUR' 'SUD' 'SRI' 'SYR' 'GAM' 'TOG' 'TGA' 'JPN' 'BAH' 'UAE' 'THA' 'TTO'
 'TUN' 'UGA' 'NOR' 'TAN' 'KOR' 'ROU' 'VAN' 'CHN' 'VIE' 'NED' 'ISV' 'ZAM'
 'GBR' 'ITA' 'URU' 'ZIM' 'POL' 'FRA' 'TUR' 'VEN' 'URS' 'FRG' 'YUG' 'ESP'
 'SUI' 'SWE' 'USA']",159.0,"['Judo' 'Canoe Sprint' 'Swimming' 'Fencing' 'Table Tennis' 'Tennis'
 'Wrestling' 'Athletics' 'Cycling Track' 'Rowing' 'Archery' 'Cycling Road'
 'Taekwondo' 'Bowling' 'Shooting' 'Equestrian Eventing' 'Weightlifting'
 'Handball' 'Boxing' 'Diving' 'Artistic Gymnastics' 'Equestrian Dressage'
 'Sailing' 'Equestrian Jumping' 'Water Polo' 'Artistic Swimming'
 'Badminton' 'Basketball' 'Modern Pentathlon' 'Rhythmic Gymnastics'
 'Baseball' 'Volleyball' 'Hockey' 'Football']",34.0,[44994 44995 64471 ... 60755 60756 60571],9054.0,[ 5020  5019 21111 ... 60755 60756 60571],6659.0,[44994 44995 64471 ... 53262 53266 53249],2395.0
22,1968,Ciudad de México,MEX,"['BIZ' 'BAR' 'AFG' 'BER' 'BOL' 'ALG' 'CAF' 'CHA' 'CMR' 'CIV' 'COD' 'CRC'
 'ESA' 'DOM' 'COL' 'ECU' 'TPE' 'CHI' 'ETH' 'FIJ' 'CUB' 'GHA' 'GUI' 'GDR'
 'BUL' 'EGY' 'GUY' 'GUA' 'HON' 'ARG' 'BEL' 'IRQ' 'INA' 'HKG' 'BRA' 'TCH'
 'ISL' 'DEN' 'ISR' 'AUT' 'IRI' 'KUW' 'JAM' 'LBA' 'KEN' 'IRL' 'IND' 'MAD'
 'MLI' 'GRE' 'MLT' 'LBN' 'LIE' 'MAS' 'AUS' 'MYA' 'LUX' 'AHO' 'MON' 'NCA'
 'NIG' 'FIN' 'MGL' 'MAR' 'PAR' 'PAN' 'NGR' 'PAK' 'PER' 'PHI' 'PUR' 'CAN'
 'MEX' 'HUN' 'SLE' 'SMR' 'SEN' 'POR' 'VNM' 'NZL' 'SGP' 'SUR' 'SUD' 'SRI'
 'SYR' 'JPN' 'BAH' 'THA' 'TTO' 'TUN' 'UGA' 'NOR' 'TAN' 'KOR' 'ROU' 'NED'
 'ISV' 'ZAM' 'GBR' 'ITA' 'URU' 'POL' 'FRA' 'TUR' 'VEN' 'URS' 'FRG' 'YUG'
 'ESP' 'SUI' 'SWE' 'USA']",112.0,"['Wrestling' 'Athletics' 'Fencing' 'Boxing' 'Swimming' 'Weightlifting'
 'Artistic Gymnastics' 'Rowing' 'Basque pelota' 'Modern Pentathlon'
 'Cycling Track' 'Tennis' 'Canoe Sprint' 'Volleyball' 'Water Polo'
 'Shooting' 'Sailing' 'Football' 'Equestrian Jumping' 'Diving'
 'Basketball' 'Equestrian Eventing' 'Equestrian Dressage' 'Hockey'
 'Cycling Road']",25.0,[65632 65631 16745 ... 60730 60691 60682],5841.0,[65632 65631 16745 ... 60730 60691 60682],5018.0,"[ 923467   66691  923470   67096   67095   46423   46425   46424   46428
   46422   46426   46168   46169   46166   46167   46171   46358  901238
  901240  901072   29165   29164   76844   76855   76861   79568   50595
   50597   66347   66343   28278   28275   28272   28274   28273   28277
   66719   66751   66744   66742   66726   66727 2305349   20584   20583
   70612   28524   28502   28491   28520   28509   28515   69643   69745
   69722   69732   69726   69746   69659   69668   69695   69658   69669
   69739   69675   69634   69706    9805    9802    9800   47494   47466
   47521   47474   47493   47530   47558   47472   47520   47514   47489
   47500   47546   47542   47538   47559   28155   28164   28183   28168
   28139   65671   65648   65678   65653   45711   48005   64373   20493
   44936  100847   44925   28114   28105   65108   45446   45448 2305348
   65492   65502   11323  901917   29115   29143   29150   29129   29131
   29139   76558   76544   76548   76571   76553   76545   10830   50514
   50519   53008   53010   53014   53020   53007   53017   53013   53002
   53011   53015   53003   53016   48321   48322   28286   66895   66884
   46306   71692   48351   48355   64832   64839   64843   64871   64862
   45350   45331   45328   72204   72243   72226   72223   72235  923477
   79567   72707   72712   11372   11509   11412  100936   48298   48303
   28051   64488   64487   64535   64538   64481   64491   64494   64569
   45011   45009   45128   45139   45085   45098   45071   45028   45035
   45114   45002   45111   45090   45084   45053   20838   49044   20480
   20479   67480   67497   46611   46598   46620   46616   28849   28847
   28846   73592   73946   73955   73967   73958   73962   73963   43611
   49679   49676   52850   52852   52848   52837   52824   52831   52856
  102585   52843   52834 2302451   74516   74514   49703   49704   49879
   49877   49870   49880   28201   28210   28217   28218   28197   65903
   65890   65818   65845   65835   65863   65942   65862   65837    9233
    9234    9229   45756   45865   11325   11349   20544   45823   45772
   45771   45885   45891   45893   28844   28839   28842   28832   28843
   28841   73437   73431   73441   73443 2305351   10309   10313   49103
   49129   20845   20850   20844   20842   20841   43291   49100   49144
   49148   49162   49097   49147   49145   49116   49118   49142  901913
  901915  902236 1805028   52738   52740   52743   52737   52739   52741
   52745   52747   52744   52748   52742   52746   28603   28611   28641
   28662   28648   28604   71029   71052   71061   71065   71059   71051
   71055 2305350   71034   71032   71053   71080   71067   71026   10029
   10034   20753   20735   20732   20746   20738   48141   48115   48128
  922189   48100   48086   48087   48095  922186   28967   51682   51679
   74283   49609   49612   49581   49615   50075   28756   28769   28776
   28781   28762   28759   48686   48640   48648   48680   48611   48684
   48615   48674   48710   48699   52536   52524   52483   52489   52471
   52519   52479   52507   52473   52472 2302449 2302450   28891   28900
   28896   28901   28894   28895   74083   74097   72897   48950   48949
   52597   52610   52625   52622   52628   52629   52643   52648   52654
   52655   52626   75150   75100   75099   75159   75130   75102   75142
   75144   10553   10563   20906   20912   20905   20900   20917   49924
   73773   73734 2305352   73759   73767   73736   73731   73743   73770
   73707   73776   73704   10344   10341   49355   49323   49303   49299
   49411   49380   49428   49311   49385   49347   49300   49353   49373
   28426   28467   68690   68752   68740   68613   68802   68778   68663
   68794   68713   68596   68698   68818   68743   68688   68775   68750
   68604   68755   68757   68771    9689    9694    9692   47135   47053
   11388   11375   11345   11289   11300   20660   20673   20659   20667
   20669   47065   47078   47159   47174   47007   46995   47129   46988
   46984   47049   47052   47148   46968   28684   28733   28715   71767
   71798   71791   71818   71825   48445   20790   20794   20785   20788
   20796   48454   48446   48404   77730   50932   50934   50933   50939
   50937   28946   28933   28960   28957   28920   28918   74618   74658
   74581   74659   74649   74610   74606   74623   10460   10446   10448
   49770   49764   20866   20883   20864   20872   20878   43686   52860
   52863   52865   52866   52872   52869   52873   52859   52862   52858
   52867   52868   28394   28360   28363   28401   28390   28359   67981
   68010   67983   67903   67991   67936   67894   67899   67928   67898
   11391   20625   20622   20646   20629   20632   46750   46730   46727
   46738   46713   46754   46697   46716   46700  901456  902520   29219
   29195   29207   29191   29216   29178   77202   77192   77304   77281
   77172   77331   77187   77334   77322   77235   77212   77170 2305355
   77271   77236   77199   77291   77177   77317   77282   77264   77327
   77188   77324   77316   10939   10945   50686   50675   50672   50720
   50671   50703   11432   20968   20963   20983   20969   20979   50692
   50762   50685   50747   50721   50738   50735   50673   50691   50683
   50771   53121   53141   53136   53122   53157   53148   53162   53137
   53155   53156   53126 2302448   28540   28544   28572   28538   28573
   28547   70059   69983   70089   70115   70015   70004   70098   70092
   69947   69955   69984   70106   70127   69950   70032    9861    9864
    9887   47674   47695   47641   11395   20718   20712   20716   20710
   20721   47725   47638   47726   47632   47694   47704   47658   47650
   47676   47703  901485  901482  902518   29331   79362   79366   79360
   79376   79356   51709   51701   51702   51700   46460   46492   75722
   75720   11335   11256   29099   29091   29083   76024   76021 2305354
   75983   10744   20949   50224   50220   50270   50244   50283   50227
   29279   29264   29293   29245   29271   29233   77993   77825   77751
   77963   77979   77813   77903   77776   77892   77994   77943   77816
   77926   77800   78009   77918   77781   77755   78003   77964   77826
   77921   77834   77752   77797   77853   11041   11049   51033   51144
   51083   51152   51212   50979   11315   11400   11435   11382   11398
   21021   21004   21016   21015   21009   51055   51149   51041   51124
   50958   51089   50981   51043   51211   51130   51231   50954   51238
   50957   51073   51066   51001   51189   51057   51029   51086   51224
  902529   53225   53236   53237   53239   53244   53248   53251   53257
   53259   53260   53261   53270]",823.0
23,1928,Amsterdam,NED,"['CHI' 'CUB' 'EST' 'BUL' 'EGY' 'HAI' 'ARG' 'BEL' 'TCH' 'DEN' 'AUT' 'IRL'
 'IND' 'GRE' 'MLT' 'LTU' 'LAT' 'AUS' 'LUX' 'MON' 'FIN' 'PAN' 'PHI' 'CAN'
 'MEX' 'HUN' 'POR' 'NZL' 'GER' 'JPN' 'RSA' 'NOR' 'ROU' 'NED' 'GBR' 'ITA'
 'URU' 'ZIM' 'POL' 'FRA' 'TUR' 'YUG' 'ESP' 'SUI' 'SWE' 'USA']",46.0,"['Rowing' 'Athletics' 'Swimming' 'Fencing' 'Weightlifting'
 'Art Competitions' 'Cycling Road' 'Artistic Gymnastics' 'Cycling Track'
 'Wrestling' 'Equestrian Dressage' 'Boxing' 'Sailing'
 'Equestrian Eventing' 'Diving' 'Kaatsen' 'Equestrian Jumping' 'Football'
 'Water Polo' 'Korfball' 'Modern Pentathlon' 'Hockey' 'Lacrosse']",23.0,[66416 66352 66375 ... 60650 60617 60638],3828.0,[66416 66352 66375 ... 60650 60617 60638],3471.0,"[ 923025  920147   65134  923011  923012   65130   65105   65120  923015
  923010   65126   65123   65115  923014   65125  923013   20526   20525
   20530  923111   20951   46287   20587   20593   20586   46294   46257
   46301   46305   46293   46269  920084  923009   64852   64861   45323
   45341  922385   45322  920785  920790  920811  920795   48292   73204
  923077   73071   73068   64571   45093   45022   45131   49039   49042
   46614   46612   65913   65923   65834   65816   65930   65828   45859
   28620   28622   28624   28626   28635   28655   28623   28659   28660
   28663  923066  923067   71076   20734   20758   20733   48132   48130
   74290   49613   49598  920670  920730  920741  920722   70111   70102
   70009   70019   69945   69968   70128   70069   70021  923050  923051
  923052   70068   69956   69952   70087   70006   70065   70062   47705
   47636   47752   47724   20711   20714   20719   47700   47653   47744
   47760   47736  922136   47738   47707   47765   72364   75229   49990
   49975   49987   49993   49986   75141   75121  921114  921766  921136
  921046  921056  921070  921121  921110  921123   28884   28877   28867
   28866   28878   28886   28879   28855   28874   28850   73733   73705
   73761   73713   73749   73777   73728  923082  923083  923084   73730
   73716   73750   73725   49352   49413   49341   49296   20854   20852
   20856  902011  901987  901972  901986  901971  901983  902002  901994
  901985  902001  902010  901999   49423   49375  922281   49297   49388
   49336   49414   49410  920500  920429   28442   28465   28430   28449
   28479   28436   28488   28454   28451   28460   28477   28481   47169
   47041   47087   20671   20666   20664   61040   46996   47099   47157
   47154   47098   47082   47047   47057   47027   47043   28681   28706
   28727   28732   28707   28745   28749   28750   28751   28708   28717
   28719   71799   71744   71784   71778   71828   71746 2600003  921172
  921180  921195  921217  921227  921218  923097   74617   74661   74622
   74621  922386   49756  922387  920384 2600016  920308  920331  920305
   28356   28370   28371   28373   28383   28385   28398  102586   28414
   28419  102587   28418   67951   68001   67999   68014   67989   67958
   67965  923034  923042  923035   67907   67916   46706   20643   20644
   20634   60964  102521   46715   46732   46776   46759   46780  923102
   20936   76016   76017   75989   76011   75976   75977   50317   50326
   50325   20944   20948   50249   50243  921440  921476  921504  921535
  921628  921616  921774   77953   77787   78002   77928   77912   77761
   78015   77794   77914  923113  923115   78011   77967   79562   77863
   77792   77945   77911   77876   51119   51157   50992   50963   51063
   21005   21003   51143   51026   51093   51140   51116   51114   51094
   51032   51060   51100   51058   51027   51015]",357.0
24,1912,Stockholm,SWE,"['ANZ' 'BOH' 'CHI' 'BEL' 'ISL' 'DEN' 'AUT' 'GRE' 'LUX' 'FIN' 'CAN' 'HUN'
 'SRB' 'POR' 'GER' 'JPN' 'RUS' 'RSA' 'UNK' 'NOR' 'NED' 'GBR' 'ITA' 'POL'
 'FRA' 'TUR' 'SUI' 'SWE' 'USA']",29.0,"['Art Competitions' 'Swimming' 'Tennis' 'Athletics' 'Fencing' 'Wrestling'
 'Shooting' 'Rowing' 'Cycling Road' 'Modern Pentathlon' 'Water Polo'
 'Artistic Gymnastics' 'Football' 'Sailing' 'Equestrian Jumping' 'Glíma'
 'Baseball' 'Diving' 'Equestrian Eventing' 'Equestrian Dressage'
 'Tug-Of-War']",21.0,[ 64805 922642  64787 ...   2779  60696  60739],2876.0,[ 64805 922642  64787 ...   2779  60696  60739],2814.0,"[  45034   45146 1805027 1805012 1805024   45453    2359   45336   45343
   45366   45337   45357   45319   46602   46604   47727   47647   47715
   47750     128 1805010 1805022   49538    1029 1805002  920437   47169
   47020   47150   47003   47105   47085   47152      52      64      38
    2445   79898   50258   50308   50307   50232   50216   50221   50275
   50259   50292   50231   50324   50211   50323   50285   50228   50263
   50226    2586    2596    2591    2594    2590 1805016    2595]",62.0
25,1980,Moskva,URS,"['BEN' 'ANG' 'AFG' 'BOT' 'AND' 'ALG' 'CMR' 'CGO' 'CRC' 'CYP' 'PRK' 'DOM'
 'COL' 'ECU' 'ETH' 'CUB' 'GUI' 'GDR' 'BUL' 'GUY' 'GUA' 'BEL' 'IRQ' 'JOR'
 'BRA' 'TCH' 'ISL' 'DEN' 'AUT' 'LAO' 'KUW' 'JAM' 'LES' 'LBA' 'IRL' 'IND'
 'MAD' 'MLI' 'GRE' 'MLT' 'LBN' 'MOZ' 'AUS' 'MYA' 'LUX' 'NEP' 'NCA' 'FIN'
 'MGL' 'NGR' 'PER' 'PUR' 'MEX' 'SEY' 'HUN' 'SLE' 'SMR' 'SEN' 'POR' 'NZL'
 'SRI' 'SYR' 'TTO' 'UGA' 'TAN' 'ROU' 'VIE' 'NED' 'ZAM' 'GBR' 'ITA' 'ZIM'
 'POL' 'FRA' 'VEN' 'URS' 'YUG' 'ESP' 'SUI' 'SWE']",80.0,"['Cycling Track' 'Wrestling' 'Swimming' 'Hockey' 'Athletics' 'Archery'
 'Artistic Gymnastics' 'Sailing' 'Canoe Sprint' 'Weightlifting' 'Rowing'
 'Boxing' 'Diving' 'Cycling Road' 'Judo' 'Handball' 'Modern Pentathlon'
 'Basketball' 'Volleyball' 'Shooting' 'Fencing' 'Equestrian Jumping'
 'Equestrian Eventing' 'Equestrian Dressage' 'Football' 'Water Polo']",26.0,[65339 65349 65342 ... 60005 60001 60022],5383.0,[65339 65349 65342 ... 60005 60001 60022],4219.0,[ 65336  44907 923655 ...  50247  50309  50213],1164.0
26,1904,St. Louis,USA,['CUB' 'GRE' 'AUS' 'CAN' 'HUN' 'GER' 'RSA' 'GBR' 'ITA' 'USA'],10.0,"['Athletics' 'Rowing' 'Tennis' 'Swimming' 'Cycling Track' 'Boxing'
 'Artistic Gymnastics' 'Archery' 'Basketball' 'Fencing'
 'American Football' 'Golf' 'Lacrosse' 'Wrestling' 'Weightlifting'
 'Tug-Of-War' 'Water Polo' 'Football' 'Roque' 'Diving']",20.0,[66766 21517 23813 ... 60709 60625 60651],1364.0,[66766 21517 23813 ... 60709 60625 60651],1358.0,[2209 2206 2215 2222 2220 2219],6.0
27,1932,Los Angeles,USA,"['ESA' 'COL' 'CUB' 'EST' 'BUL' 'GUA' 'HAI' 'ARG' 'BEL' 'BRA' 'TCH' 'DEN'
 'AUT' 'IRL' 'IND' 'GRE' 'LAT' 'AUS' 'LUX' 'MON' 'FIN' 'PER' 'PHI' 'CAN'
 'MEX' 'HUN' 'POR' 'NZL' 'GER' 'JPN' 'RSA' 'NOR' 'ROU' 'CHN' 'NED' 'GBR'
 'ITA' 'URU' 'POL' 'FRA' 'TUR' 'VEN' 'YUG' 'ESP' 'SUI' 'SWE' 'USA']",47.0,"['Artistic Gymnastics' 'Rowing' 'Boxing' 'Athletics' 'Swimming'
 'Equestrian Eventing' 'Wrestling' 'Shooting' 'Sailing' 'Weightlifting'
 'Equestrian Jumping' 'Modern Pentathlon' 'Art Competitions' 'Fencing'
 'Lacrosse' 'American Football' 'Hockey' 'Diving' 'Equestrian Dressage'
 'Cycling Road' 'Cycling Track' 'Water Polo' 'Alpinism']",23.0,[921799 921721  66669 ...  60659  60708  60742],2057.0,[921799 921721  66669 ...  60659  60708  60742],1850.0,"[920763 920111 920135 920150 920161 920149 920170  20526  45590 920206
 920235  46278  20597  20598  20593  46254  46269  45327  20521 920797
 920808  64584  45013  45093  45030  65926  65934  65849  65941  65928
  65850  65897  65888  65838  45851  20539  45857  45827  45846  45783
  45815  45859  45871  79563  20846  20733  20734  74274 920584 920722
  69968  70006  69957  69980  70068  47684  20711 920990  72415  72358
  72405  72396  72395  72362  72400  72369  72408  48635  48603  48661
  48650  48668  48728  48658  75229  49983 921802 921063 921112 921054
 921065  73756  73782  73727  73718 923146  73730  20854  49321  49356
  49423  49375  49372 920429 920500 920504  68677  68759  68696  68808
  68670  22137  20664  46996  47005  47064  47161  47047  47057  47180
 921201 921186 921217 921221 921248 921218  74664  74650  74662 920301
 920317 920345 920381  20653  46725 921362 921374  50316 921737 921740
 921743 921746 921747 921748 921749 921752 921757 921529 921531 921639
 921790 921576 921451 921465 921519 921533 921444 921563 921592 921553
 921567 921577 921584 921591 921610 921644   2744 921504 921537 921572
 921631 921628 921810 921816 921460 921466 921499 921527  77997  78010
  77858  77808  77852  77961  77784  77835  77955 923148  77936  77967
  77792  77931  77876  77841  77959  50992  51164  51015  51157  51170
  21005  21006  21002  51105  51026  51116  51082  51021  51069  51060
  51117 922375  51058  51034  50980]",205.0
28,1984,Los Angeles,USA,"['BAN' 'BHU' 'ANT' 'BRN' 'BEN' 'BIZ' 'BAR' 'BOT' 'IVB' 'AND' 'BER' 'BOL'
 'ALG' 'CAY' 'CAF' 'CHA' 'CMR' 'CGO' 'CIV' 'COD' 'DJI' 'CRC' 'CYP' 'GEQ'
 'ESA' 'DOM' 'COL' 'ECU' 'SWZ' 'TPE' 'GAB' 'CHI' 'FIJ' 'GRN' 'GHA' 'GUI'
 'EGY' 'GUY' 'GUA' 'HAI' 'HON' 'ARG' 'BEL' 'IRQ' 'JOR' 'INA' 'HKG' 'BRA'
 'ISL' 'KSA' 'DEN' 'ISR' 'AUT' 'KUW' 'JAM' 'LES' 'LBR' 'KEN' 'IRL' 'MAW'
 'IND' 'MAD' 'MTN' 'MLI' 'GRE' 'MRI' 'MLT' 'LBN' 'LIE' 'MAS' 'MOZ' 'AUS'
 'YAR' 'MYA' 'LUX' 'NEP' 'AHO' 'MON' 'NCA' 'NIG' 'FIN' 'OMA' 'MAR' 'PNG'
 'PAR' 'PAN' 'QAT' 'NGR' 'PAK' 'PER' 'RWA' 'PHI' 'SAM' 'PUR' 'CAN' 'MEX'
 'SEY' 'SLE' 'SMR' 'SEN' 'POR' 'SOL' 'SOM' 'NZL' 'SGP' 'SUR' 'SUD' 'SRI'
 'SYR' 'GAM' 'TOG' 'TGA' 'JPN' 'BAH' 'UAE' 'THA' 'TTO' 'TUN' 'UGA' 'NOR'
 'TAN' 'KOR' 'ROU' 'CHN' 'NED' 'ISV' 'ZAM' 'GBR' 'ITA' 'URU' 'ZIM' 'FRA'
 'TUR' 'VEN' 'FRG' 'YUG' 'ESP' 'SUI' 'SWE' 'USA']",140.0,"['Artistic Swimming' 'Weightlifting' 'Swimming' 'Cycling Track' 'Rowing'
 'Diving' 'Athletics' 'Modern Pentathlon' 'Artistic Gymnastics'
 'Canoe Sprint' 'Equestrian Eventing' 'Sailing' 'Equestrian Dressage'
 'Fencing' 'Judo' 'Boxing' 'Archery' 'Wrestling' 'Shooting'
 'Equestrian Jumping' 'Tennis' 'Cycling Road' 'Handball' 'Volleyball'
 'Basketball' 'Hockey' 'Baseball' 'Water Polo' 'Rhythmic Gymnastics'
 'Football']",30.0,[65049   345   347 ... 60567 60568 60571],7209.0,[65049   345   347 ... 60567 60568 60571],5551.0,[  339   340   338 ... 53264 53223 53226],1658.0
29,1996,Atlanta,USA,"['ARU' 'BAN' 'BHU' 'ASA' 'ANT' 'BRN' 'BEN' 'BIZ' 'BAR' 'ALB' 'ANG' 'AFG'
 'BRU' 'AZE' 'ARM' 'BDI' 'CPV' 'BOT' 'IVB' 'BIH' 'BUR' 'AND' 'CAM' 'BER'
 'BOL' 'ALG' 'CAY' 'CAF' 'COM' 'CHA' 'COK' 'CMR' 'CGO' 'BLR' 'CIV' 'COD'
 'DJI' 'DMA' 'CRC' 'CYP' 'GEQ' 'ESA' 'PRK' 'DOM' 'COL' 'ECU' 'CRO' 'SWZ'
 'TPE' 'GAB' 'CHI' 'ETH' 'FIJ' 'CZE' 'GRN' 'GEO' 'GUM' 'CUB' 'GBS' 'EST'
 'GHA' 'GUI' 'BUL' 'EGY' 'GUY' 'GUA' 'HAI' 'HON' 'ARG' 'BEL' 'IRQ' 'JOR'
 'INA' 'HKG' 'BRA' 'ISL' 'KSA' 'DEN' 'ISR' 'AUT' 'LAO' 'IRI' 'KUW' 'KGZ'
 'JAM' 'LES' 'LBA' 'LBR' 'KEN' 'KAZ' 'IRL' 'MAW' 'IND' 'MDV' 'MAD' 'MTN'
 'MLI' 'GRE' 'MRI' 'MLT' 'LBN' 'LTU' 'LIE' 'MAS' 'NRU' 'MOZ' 'NAM' 'LAT'
 'AUS' 'MYA' 'LUX' 'NEP' 'AHO' 'MON' 'NCA' 'NIG' 'FIN' 'MKD' 'OMA' 'PLE'
 'MGL' 'MAR' 'PNG' 'PAR' 'PAN' 'QAT' 'NGR' 'PAK' 'MDA' 'PER' 'RWA' 'SKN'
 'LCA' 'PHI' 'VIN' 'SAM' 'STP' 'PUR' 'CAN' 'MEX' 'SCG' 'SEY' 'HUN' 'SLE'
 'SMR' 'SEN' 'POR' 'SOL' 'SOM' 'NZL' 'SGP' 'SUR' 'SUD' 'TJK' 'SRI' 'SYR'
 'GER' 'SVK' 'GAM' 'SLO' 'TOG' 'TGA' 'TKM' 'JPN' 'BAH' 'RUS' 'UAE' 'RSA'
 'THA' 'TTO' 'TUN' 'UGA' 'NOR' 'TAN' 'KOR' 'ROU' 'VAN' 'YEM' 'CHN' 'VIE'
 'NED' 'ISV' 'UZB' 'ZAM' 'GBR' 'ITA' 'URU' 'ZIM' 'POL' 'FRA' 'TUR' 'VEN'
 'UKR' 'ESP' 'SUI' 'SWE' 'USA']",197.0,"['Judo' 'Rowing' 'Athletics' 'Canoe Sprint' 'Wrestling' 'Diving' 'Sailing'
 'Football' 'Artistic Gymnastics' 'Badminton' 'Swimming' 'Table Tennis'
 'Weightlifting' 'Shooting' 'Canoe Slalom' 'Handball' 'Boxing' 'Fencing'
 'Rhythmic Gymnastics' 'Tennis' 'Cycling Track' 'Equestrian Eventing'
 'Cycling Mountain Bike' 'Hockey' 'Equestrian Dressage' 'Volleyball'
 'Cycling Road' 'Softball' 'Artistic Swimming' 'Equestrian Jumping'
 'Beach Volleyball' 'Archery' 'Basketball' 'Modern Pentathlon'
 'Water Polo' 'Baseball']",36.0,[64473 14165 55126 ... 60613 60563 60571],10530.0,[64473 14165 55126 ... 60613 60563 60571],6946.0,[65046   344 64475 ... 53267 53230 53273],3584.0
